Country,ISO3,indicateur_perf_logistique,pib_par_hab,stab_politique,population,tx_urbanisation,tarif_douanier_moyen,emissions_agri_pc,organic_share,hfce_per_capita_usd_const2015
Aruba,ABW,,41649.4507917813,1.48307979106903,107310.0,44.052,,,,
Africa Eastern and Southern,AFE,2.61818181818182,4229.08648606455,,731821393.0,37.9090120211832,,,,957.561668301913
Afghanistan,AFG,1.9,2122.99581512663,-2.54495596885681,40578842.0,26.616,,92.41268,0.0,
Africa Western and Central,AFW,2.47333333333333,5169.14554667835,,497387180.0,49.1298079868363,,,,
Angola,AGO,2.1,7924.88880583901,-0.630108535289764,35635029.0,68.081,11.59,424.86288,,1265.34909002783
Albania,ALB,2.5,19446.2252459573,0.106261312961578,2777689.0,63.799,0.57,226.33923,0.06,3719.78446930578
Andorra,AND,,68470.0759483848,1.58598840236664,79705.0,87.811,,0.0,0.01,
Arab World,ARB,2.79375,17925.6530176816,,471352066.0,59.0542670171409,,,,3385.8147125317
United Arab Emirates,ARE,4.0,73777.7443945251,0.744183301925659,10074977.0,87.543,,71.27455,1.38,20888.4777206158
Argentina,ARG,2.8,29597.6938429263,-0.0985943302512169,45407904.0,92.347,11.95,981.1067,3.03,8606.91056124218
Armenia,ARM,2.5,19161.3700514189,-0.740756273269653,2969200.0,63.573,,183.97156,0.04,3368.46995222079
American Samoa,ASM,,,1.12317395210266,48342.0,87.196,,,,10346.5862498259
Antigua and Barbuda,ATG,2.9,29933.8893698902,0.938082098960876,92840.0,24.346,,107.70059,,
Australia,AUS,3.7,65871.7715157769,0.983715951442719,26014399.0,86.488,2.01,2021.6796,9.82,32597.0830138865
Austria,AUT,4.0,70734.9425647902,0.648710012435913,9041851.0,59.256,1.95,243.80348,27.17,23594.8540897255
Azerbaijan,AZE,,22552.0886659805,-0.922807276248932,10141756.0,57.17,8.89,239.91515,0.8,
Burundi,BDI,,888.518158386925,-1.19244623184204,13321097.0,14.417,12.63,94.58677,0.02,195.501916222688
Belgium,BEL,4.0,68157.8347860761,0.581981599330902,11680210.0,98.153,1.95,175.23042,7.49,21959.1736103304
Benin,BEN,2.9,3844.15415745816,-0.34320268034935,13759501.0,49.534,11.3,184.59964,1.22,804.926703638741
Burkina Faso,BFA,2.3,2641.87011276968,-1.81536936759949,22509038.0,31.877,11.44,376.2933,0.63,473.475232676987
Bangladesh,BGD,2.6,8450.54902533941,-1.046462059021,169384897.0,39.711,12.89,145.99886,0.01,1253.10179441914
Bulgaria,BGR,3.2,35816.49168179,0.313428640365601,6465097.0,76.363,1.95,193.38217,2.2,6292.95848201969
Bahrain,BHR,3.5,61677.6538492695,-0.362905442714691,1524693.0,89.743,3.65,13.0424,,11101.0538149055
"Bahamas, The",BHS,2.7,36791.253079207,0.881239235401154,397538.0,83.492,26.31,25.154573,0.38,18788.2138448169
Bosnia and Herzegovina,BIH,3.0,21117.2830770518,-0.483193695545197,3204802.0,49.841,3.39,234.02382,0.11,4506.03256491088
Belarus,BLR,2.7,28429.4948814534,-0.802096605300903,9228071.0,80.326,,1452.0497,0.08,3837.21055934231
Belize,BLZ,,13465.9807069861,0.564006090164185,402733.0,46.396,12.02,297.95822,0.28,3999.75813900176
Bermuda,BMU,,105142.409967183,1.02404379844666,64749.0,100.0,22.29,,,46317.9073116712
Bolivia,BOL,2.4,10371.9629079451,-0.191908553242683,12077154.0,70.83,9.83,713.7442,0.3,2196.44944247101
Brazil,BRA,3.2,19876.8533531447,-0.395036935806274,210306415.0,87.555,13.29,804.16,0.45,5776.98016243189
Barbados,BRB,,19786.3615156207,1.14464545249939,282318.0,31.324,11.87,106.26089,,
Brunei Darussalam,BRN,,81801.745908279,1.24248862266541,455370.0,78.854,0.18,197.63976,,8743.45843377284
Bhutan,BTN,2.5,15063.8105763072,1.00934255123138,780914.0,43.686,6.77,89.63775,1.15,1580.11819649668
Botswana,BWA,3.1,19976.8343776476,1.0739837884903,2439892.0,72.224,8.25,1963.1992,,3117.91405949829
Central African Republic,CAF,2.5,1217.84977147289,-2.20505237579346,5098039.0,43.12,19.34,1502.5388,,494.139481411463
Canada,CAN,4.0,63578.3201949554,0.780681550502777,38935934.0,81.752,1.83,872.9753,2.75,26412.7665733596
Central Europe and the Baltics,CEB,3.35454545454545,44792.3003176191,,100071871.0,62.835931596872,,,,9384.26066616926
Switzerland,CHE,4.1,91326.1317048182,1.15974533557892,8777088.0,74.092,3.16,143.30917,12.38,44877.8583195445
Channel Islands,CHI,,,,167215.0,31.077,,,,
Chile,CHL,3.0,30820.3526971179,0.13208432495594,19553036.0,87.912,1.03,204.57184,1.76,9734.08036746651
China,CHN,3.7,23032.1766271143,-0.45127671957016,1412175000.0,63.56,5.36,200.46597,0.56,4647.9634911987
Cote d'Ivoire,CIV,,6719.44381557637,-0.587266504764557,30395002.0,52.661,12.72,91.4624,0.29,1373.45985905539
Cameroon,CMR,2.1,5188.97750866081,-1.37962925434113,27632771.0,58.733,18.85,187.82048,0.02,1093.62776757505
"Congo, Dem. Rep.",COD,2.5,1484.2411691036,-1.98448967933655,102396968.0,46.837,,123.5388,0.33,338.513009466194
"Congo, Rep.",COG,2.6,6647.4968173139,0.0389938205480576,6035104.0,68.736,19.2,243.57494,,795.589328614241
,COK,,,,,,,0.0,0.47,
Colombia,COL,2.9,20695.7426775731,-0.62995833158493,51737944.0,82.05,3.55,359.69733,0.24,5223.70349460851
Comoros,COM,,3726.14917950744,-0.226411357522011,834188.0,29.864,,47.95065,0.53,1452.72122605445
Cabo Verde,CPV,,9481.07335405605,0.927069365978241,519741.0,67.545,14.31,96.200096,,3019.2031245975
Costa Rica,CRI,2.9,25924.7403788729,0.956596434116364,5081765.0,82.042,2.63,263.68796,0.68,8471.99593983393
Caribbean small states,CSS,2.6,28827.2064313479,,4497310.0,48.6529372671664,,,,
Cuba,CUB,2.2,,0.491417795419693,11059820.0,77.401,10.6,207.05577,0.03,4274.836008212
Curacao,CUW,,29554.0721366086,,149996.0,89.025,,,,
Cayman Islands,CYM,,81803.0976481794,1.66074180603027,71591.0,100.0,,,,
Cyprus,CYP,3.2,55945.953125,0.423811227083206,1331370.0,66.911,1.95,157.73155,6.3,19350.92578125
Czechia,CZE,3.3,51709.8373933963,0.814114570617676,10672118.0,74.377,1.95,297.94208,16.29,9150.94096073442
Germany,DEU,4.1,67589.8399055414,0.628491878509521,83797985.0,77.648,1.95,261.16046,9.67,22575.795405555
Djibouti,DJI,2.7,6621.33038220409,-0.507386088371277,1137096.0,78.38,,193.47446,,2362.53641850398
Dominica,DMA,,18802.0819913205,1.30801045894623,66826.0,71.7,,149.59534,11.63,
Denmark,DNK,4.1,77400.3348008883,0.86891770362854,5903037.0,88.367,1.95,653.9158,11.62,27279.1210874228
Dominican Republic,DOM,2.6,24625.8088564037,0.249287635087967,11230734.0,83.848,4.48,267.1241,8.09,5993.91789998942
Algeria,DZA,2.5,15836.0944370321,-0.650652348995209,45477389.0,74.772,11.2,110.38452,0.0,1820.49086734848
East Asia & Pacific (excluding high income),EAP,2.95833333333333,19925.5390979528,,2133560408.0,59.2214841637791,,,,3886.98365274362
Early-demographic dividend,EAR,2.74651162790698,12224.1575215353,,3470644834.0,46.6251546023672,,,,2384.10536212042
East Asia & Pacific,EAS,3.3,23606.2459091739,,2379648196.0,62.2257312651105,,,,5552.01731614639
Europe & Central Asia (excluding high income),ECA,2.72,24921.079185127,,250840400.0,64.169725876266,,,,5342.62769500712
Europe & Central Asia,ECS,3.32391304347826,47041.3669450942,,925061269.0,73.0396201290606,,,,13768.6396746772
Ecuador,ECU,,15198.0725554473,-0.37122431397438,17823897.0,64.57,7.82,198.04869,1.15,3870.73576990915
"Egypt, Arab Rep.",EGY,3.1,17526.8017030166,-0.978700578212738,112618250.0,42.967,,110.63926,2.86,3223.2270395649
Euro area,EMU,3.655,59921.0108876931,,348700885.0,77.7126830118197,,,,19614.4648865835
Eritrea,ERI,,,-0.957195043563843,3409447.0,42.625,,428.22156,,
Spain,ESP,3.9,50468.0966924829,0.318843424320221,47786102.0,81.304,1.95,280.16833,10.66,15652.7913033182
Estonia,EST,3.6,47802.0073086125,0.727880895137787,1348840.0,69.609,1.95,1096.2208,23.43,11241.8684925496
Ethiopia,ETH,,2844.92274535753,-2.07060623168945,125384287.0,22.661,,343.9825,0.62,601.268137441776
European Union,EUU,3.61851851851852,57525.7487506451,,447703403.0,75.4620574704142,1.95,,,17891.9794610982
Fragile and conflict affected situations,FCS,2.38095238095238,5326.28541386027,,1036390026.0,44.401646495307,,,,
Finland,FIN,4.2,61347.1578483192,0.894830107688904,5556106.0,85.681,1.95,721.8142,14.98,24602.319976957
Fiji,FJI,2.3,13672.2356967503,0.748508632183075,919422.0,58.229,,141.39226,6.13,
,FLK,,,,,,,,2.81,
France,FRA,3.9,56181.0058137403,0.393339216709137,68065015.0,81.509,1.95,383.38852,10.16,20647.9996334972
Faroe Islands,FRO,,74316.7435048892,,53927.0,42.779,,,0.26,
"Micronesia, Fed. Sts.",FSM,,4085.20953290836,1.20921885967255,112114.0,23.217,,178.37712,,
Gabon,GAB,2.4,19992.5570643309,0.0603694021701813,2430747.0,90.735,18.83,135.76057,,2226.72803014945
United Kingdom,GBR,3.7,58544.4695425536,0.533176064491272,67604000.0,84.398,1.13,298.47763,2.9,29561.6224445038
Georgia,GEO,2.7,22461.3326414547,-0.43653005361557,3712502.0,60.297,0.4,210.8158,0.22,4356.33934010645
Ghana,GHA,2.5,7208.15798982723,-0.195024788379669,33149152.0,58.615,12.96,151.73843,0.57,1559.76735037227
Gibraltar,GIB,,,,37609.0,100.0,,,,
Guinea,GIN,2.5,4062.36136437922,-0.838682115077972,14055137.0,37.668,12.9,459.61847,,681.172689636235
,GLP,,,,,,,,3.01,
"Gambia, The",GMB,2.3,3067.31040447283,0.0439732819795609,2636470.0,63.852,13.97,87.23779,,583.067946901218
Guinea-Bissau,GNB,2.6,2747.25419559898,-0.385944873094559,2105529.0,45.041,13.55,322.9583,,621.946568598645
Equatorial Guinea,GNQ,,18139.989326627,-0.236288592219353,1803545.0,74.01,19.97,5.5446234,,3159.95044057816
Greece,GRC,3.7,38969.0221675373,0.106463775038719,10436882.0,80.357,1.95,270.82883,16.19,14213.1276588017
Grenada,GRD,2.5,17554.7320332414,1.03362321853638,116913.0,36.868,12.92,85.52271,1.3,
Greenland,GRL,,75720.4298219323,1.56980299949646,56661.0,87.727,,,,18925.5593364834
Guatemala,GTM,2.6,13014.0149810816,-0.262850880622864,17847877.0,52.666,3.12,194.42088,1.52,3813.25989604782
,GUF,,,,,,,,9.58,
Guam,GUM,,,0.816113114356995,165180.0,95.091,,,,20797.7241208484
Guyana,GUY,2.4,39710.9695607531,0.0207335669547319,821637.0,27.022,9.16,535.5156,,
High income,HIC,3.525,60893.7537112063,,1398530204.0,80.941962138335,,,,24017.8504123898
"Hong Kong SAR, China",HKG,4.0,68602.1491008475,0.5749272108078,7346100.0,100.0,0.0,,,29025.4206272723
Honduras,HND,2.9,6805.49358294554,-0.568361818790436,10463872.0,59.6,1.63,206.4244,1.85,2144.84959700096
Heavily indebted poor countries (HIPC),HPC,2.42916666666667,3272.33666217041,,893906294.0,38.0398695478936,,,,707.341193866233
Croatia,HRV,3.3,41959.5332914918,0.672563254833221,3855641.0,58.219,1.95,271.30576,8.94,9838.05305995884
Haiti,HTI,2.1,3264.93354407906,-1.4191986322403,11503606.0,58.82,,104.31515,0.21,1366.1797120773
Hungary,HUN,3.2,44012.2677274292,0.678676307201385,9605074.0,72.552,1.95,438.85428,6.42,8582.03686282104
IBRD only,IBD,2.86111111111111,18247.9217582145,,4928522353.0,57.4051949405733,,,,3592.61498911001
IDA & IBRD total,IBT,2.69255319148936,14581.6520034781,,6795050443.0,52.3261779252217,,,,2896.10742432333
IDA total,IDA,2.465,4910.84462973367,,1866528090.0,38.9024403010933,,,,1184.58428236268
IDA blend,IDB,2.4875,6143.45808117455,,651895919.0,44.5056762549498,,,,
Indonesia,IDN,3.0,14284.929293133,-0.553894221782684,278830529.0,57.934,5.82,198.61526,0.15,2253.55713335175
IDA only,IDX,2.459375,4267.67002850134,,1214632171.0,35.8907865413649,,,,828.447429581768
Isle of Man,IMN,,,,84132.0,53.271,,,,
India,IND,3.4,9207.12743040145,-0.615027368068695,1425423212.0,35.872,10.06,151.09898,2.65,1280.6690890081
Not classified,INX,,,,,,,,,
Ireland,IRL,3.6,136104.445332458,0.88466739654541,5212836.0,64.183,1.95,1563.5962,2.27,22330.4520393556
"Iran, Islamic Rep.",IRN,2.3,16424.3773866974,-1.62561237812042,89524246.0,76.807,,186.54166,0.01,2746.85555613495
Iraq,IRQ,2.4,14391.1292349806,-2.40930914878845,44070551.0,71.354,,77.37592,0.0,2276.44561251478
Iceland,ISL,3.6,73426.2277837268,1.24969923496246,382003.0,93.992,1.32,762.41956,0.32,31425.3775658451
Israel,ISR,3.6,53564.227891667,-1.22896540164948,9557500.0,92.763,3.16,86.78322,0.74,22037.4008250219
Italy,ITA,3.7,56247.4155916998,0.466298222541809,59013667.0,71.657,1.95,164.54457,18.08,19491.7701399258
Jamaica,JAM,2.5,10790.1333008663,0.364242792129517,2839144.0,57.008,9.72,81.01016,0.01,
Jordan,JOR,,9927.2341002506,-0.234430953860283,11256263.0,91.827,5.59,47.97327,0.16,
Japan,JPN,3.9,47395.8391565645,1.0326372385025,125124989.0,91.955,1.99,54.80106,0.33,19534.3114459302
Kazakhstan,KAZ,2.7,35895.0839871667,-0.4683538377285,20034609.0,57.99,4.75,458.70615,0.05,5970.28547025556
Kenya,KEN,,5883.22303961921,-0.947280883789062,54252461.0,29.002,15.83,320.72278,0.63,1268.51972734183
Kyrgyz Republic,KGZ,2.3,6577.51217728389,-0.471610426902771,6975220.0,37.461,,238.65002,0.27,1264.23942933946
Cambodia,KHM,2.4,6918.81626946766,-0.0980230420827866,17201724.0,25.114,12.31,206.3747,0.5,1278.33805790324
Kiribati,KIR,,3329.34434464861,1.10384833812714,130469.0,57.058,,0.0,,2136.3535620651
St. Kitts and Nevis,KNA,,31831.0458107983,0.938082098960876,46709.0,30.991,,213.98613,,
"Korea, Rep.",KOR,3.8,51231.4530663601,0.579976737499237,51672569.0,81.427,5.73,90.957344,2.5,15705.1460106828
Kuwait,KWT,3.2,55043.0022722597,0.291892021894455,4589643.0,100.0,4.64,69.72416,0.02,11241.5977102678
Latin America & Caribbean (excluding high income),LAC,2.65625,19918.9762680866,,585648822.0,81.1442610510058,,,,5691.92305551567
Lao PDR,LAO,2.4,8766.44062611094,0.789451360702515,7559007.0,37.592,2.49,351.89804,0.51,
Lebanon,LBN,,12292.8407305501,-1.4225754737854,5744489.0,89.262,,76.59511,0.22,6757.91535162544
Liberia,LBR,2.4,1691.57275721851,-0.267271250486374,5373294.0,53.065,13.6,46.52637,0.14,
Libya,LBY,1.9,12272.8356181334,-2.19370174407959,7223805.0,81.302,,161.96452,,2387.34731804898
St. Lucia,LCA,,24599.3733001067,1.03362321853638,178781.0,19.05,,55.930286,0.2,
Latin America & Caribbean,LCN,2.692,20813.0537801243,,653104795.0,81.5649153564557,,,,6059.49495261225
Least developed countries: UN classification,LDC,2.42083333333333,4032.43224770797,,1134585604.0,35.8497135775292,,,,756.928467211688
Low income,LIC,2.37333333333333,2256.12042449329,,591481496.0,37.1420380582929,,,,528.175426847959
Liechtenstein,LIE,,,1.64275300502777,39493.0,14.538,,0.0,30.08,
Sri Lanka,LKA,2.8,14193.6546217446,-0.80430680513382,22181000.0,19.026,,59.55779,2.42,2671.31219282575
Lower middle income,LMC,2.63103448275862,8616.13578345939,,3043358377.0,40.4516375248882,,,,1544.52867812016
Low & middle income,LMY,2.65,13694.3605561384,,6438272260.0,52.1006417998491,,,,2757.25712600919
Lesotho,LSO,,2761.31105002216,-0.292736917734146,2286110.0,29.943,4.19,161.84685,,792.853487136375
Late-demographic dividend,LTE,3.01025641025641,24475.6214975723,,2324125644.0,65.6035316403987,,,,4986.684256336
Lithuania,LTU,3.4,50498.3823963346,0.653032541275024,2831639.0,68.465,1.95,1182.1409,9.32,11197.1947714045
Luxembourg,LUX,3.6,143381.897533689,1.06439006328583,653103.0,91.881,,244.90483,6.23,34949.1251693932
Latvia,LVA,3.5,39960.8443388997,0.48640912771225,1879383.0,68.54,1.95,1015.38544,15.88,10491.2630539869
"Macao SAR, China",MAC,,64373.9256913291,1.12270271778107,677300.0,100.0,0.0,,,16707.4059136416
St. Martin (French part),MAF,,,,28870.0,,,,,
Morocco,MAR,,9283.92578125,-0.362119138240814,37329064.0,64.596,,173.85915,0.06,1920.11962890625
Monaco,MCO,,,1.18703246116638,38931.0,100.0,,,,
Moldova,MDA,2.5,16452.9621236034,-0.659070193767548,2528654.0,43.173,2.37,236.8432,1.28,3217.69703076582
Madagascar,MDG,2.3,1716.9788487377,-0.480796605348587,30437261.0,39.882,10.03,199.42662,0.28,321.632578626271
Maldives,MDV,,22880.5123176079,0.645002782344818,524106.0,41.536,9.73,0.0,,5111.07352500769
"Middle East, North Africa, Afghanistan & Pakistan",MEA,2.88823529411765,15045.958467255,,782349366.0,54.9664853093317,,,,3039.46245148677
Mexico,MEX,2.9,23379.7338940539,-0.689268112182617,128613117.0,81.3,2.69,246.7089,0.45,7095.72122965403
Marshall Islands,MHL,,7332.30020846945,1.0159205198288,40077.0,78.52,,0.0,,4151.0167926741
Middle income,MIC,2.71194029850746,14857.7324251218,,5846790764.0,53.6143634433195,,,,2985.07849562816
North Macedonia,MKD,3.1,24067.4939774976,0.180839285254478,1831712.0,59.118,3.65,168.45665,0.69,4767.18637064016
Mali,MLI,2.6,3008.75554617553,-2.56074357032776,23072640.0,45.437,12.22,537.43304,0.04,658.560342578236
Malta,MLT,3.3,60489.4615184214,0.911014318466187,531113.0,94.875,1.95,37.864876,0.75,14900.3093609933
Myanmar,MMR,,5731.93787872459,-2.19571399688721,53756787.0,31.771,2.98,186.7671,0.08,
"Middle East, North Africa, Afghanistan & Pakistan (excluding high income)",MNA,2.36666666666667,10230.4485950996,,716508657.0,51.8947837283828,,,,1984.14459248032
Montenegro,MNE,2.8,27597.0529627387,-0.140881478786469,623591.0,68.164,1.88,130.15558,1.56,6614.13742187217
Mongolia,MNG,2.5,16401.9894751531,0.529954373836517,3433748.0,68.93,5.04,3833.4146,0.0,2729.77622482087
Northern Mariana Islands,MNP,,,,46078.0,91.983,,,,13900.7534814644
Mozambique,MOZ,,1581.9441944262,-1.26560831069946,32656246.0,38.187,,272.84216,0.04,432.255915602179
Mauritania,MRT,2.3,6484.82792721164,-0.516949355602264,4875637.0,56.923,12.91,578.38513,,999.584331552157
,MTQ,,,,,,,,3.36,
Mauritius,MUS,2.5,26556.0768591826,0.830023586750031,1262523.0,40.81,1.07,78.36168,0.01,7069.03900707536
Malawi,MWI,,1778.30582146001,-0.157983273267746,20568728.0,17.98,,216.34781,0.01,
Malaysia,MYS,3.6,34366.2284812574,0.163117811083794,34695493.0,78.214,5.43,146.4167,0.02,6712.48225689278
,MYT,,,,,,,,3.63,
North America,NAC,3.9,76374.8179426874,,373018004.0,82.9479010196301,,,,42507.5851899708
Namibia,NAM,2.9,10662.7017045783,0.559885740280151,2889662.0,53.956,7.09,892.8361,0.0,3282.540527874
New Caledonia,NCL,,,,287123.0,72.325,,,0.43,
Niger,NER,,1839.96909675903,-1.46439230442047,25311973.0,16.894,10.74,473.2937,,389.436232875861
Nigeria,NGA,2.6,5948.72614706809,-1.77890145778656,223150896.0,53.521,11.9,124.71381,0.09,
Nicaragua,NIC,2.5,7796.69362034144,-0.35851177573204,6730654.0,59.556,2.98,442.7499,0.61,1587.45376051703
,NIU,,,,,,,0.0,2.44,
Netherlands,NLD,4.1,77152.2237613361,0.726799547672272,17700982.0,92.886,1.95,337.9054,4.44,21588.1381373973
Norway,NOR,3.7,123150.172908009,0.86123925447464,5457127.0,83.664,2.57,456.31174,4.67,34130.9518972216
Nepal,NPL,,5102.99231132947,-0.239196881651878,29715436.0,21.451,13.64,171.62798,0.69,986.573277366515
Nauru,NRU,,13346.9840294703,0.877918004989624,11801.0,100.0,,0.0,,
New Zealand,NZL,3.6,53647.3428142934,1.32116913795471,5117100.0,86.884,2.27,2410.4927,0.81,25981.005559025
OECD members,OED,3.63421052631579,56289.175536949,,1379097485.0,81.4656772954836,,,,23841.3988434094
Oman,OMN,3.3,42616.3348955868,0.532249212265015,4730226.0,87.75,3.18,137.41406,,7983.17171767253
Other small states,OSS,3.025,26095.6235761752,,12699005.0,55.5597027670278,,,,6711.30615617807
Pakistan,PAK,,5920.27430654107,-1.83982634544373,243700667.0,37.731,10.97,238.65343,0.19,1482.26434474407
Panama,PAN,3.1,36245.145655104,0.289221227169037,4400773.0,69.141,5.93,227.2327,0.26,7504.48020789985
Peru,PER,3.0,16669.1561486769,-0.487095445394516,33475438.0,78.708,1.1,225.23978,,4440.88284734463
Philippines,PHL,3.3,10131.346369794,-0.655268549919128,113964338.0,47.977,3.94,90.99337,1.8,2573.21611321314
Palau,PLW,,16581.0217875971,1.08399426937103,17759.0,81.956,,0.0,,11220.0394559978
Papua New Guinea,PNG,2.7,4419.61926962803,-0.659367442131042,10203169.0,13.582,,143.09268,1.4,
Poland,POL,3.6,46077.3855556036,0.505146443843842,36821749.0,60.134,1.95,433.23386,3.91,9942.08535508807
Pre-demographic dividend,PRE,2.39,4364.73218533099,,1051201551.0,43.6418701367517,,,,
Puerto Rico (US),PRI,,45327.510192422,0.542631983757019,3220137.0,93.61,,,0.01,25546.1801829507
"Korea, Dem. People's Rep.",PRK,,,-0.430811017751694,26328845.0,62.916,,45.577393,,
Portugal,PRT,3.4,44557.281053572,0.795802593231201,10434332.0,67.381,1.95,171.83328,7.87,14286.1858238291
Paraguay,PRY,2.7,16347.0434974739,0.0355493128299713,6760464.0,62.818,8.27,1174.4763,0.7,4123.59060405199
West Bank and Gaza,PSE,,6163.24897837613,-1.70195543766022,5043612.0,77.291,,,1.23,3081.40277245752
Pacific island small states,PSS,2.55,7370.84148976848,,2656049.0,39.2714686784769,,,,
Post-demographic dividend,PST,3.60555555555556,61715.3694719293,,1117926537.0,82.0738786885386,,,,27237.7144208656
French Polynesia,PYF,,,,280378.0,62.17,,,0.8,
Qatar,QAT,3.5,122920.498759404,0.960249304771423,2657333.0,99.318,3.98,86.43144,,
,REU,,,,,,,,5.25,
Romania,ROU,3.2,42217.9204497701,0.431136310100555,19048502.0,54.489,1.95,343.82413,5.08,8347.35038334735
Russian Federation,RUS,2.6,40938.98828125,-1.00599670410156,144236933.0,75.126,,332.05136,0.09,5457.3486328125
Rwanda,RWA,2.8,3098.67700634994,0.082752451300621,13651030.0,17.721,11.87,91.568214,0.25,701.452535242938
South Asia,SAS,2.825,9129.6017328325,,1648009565.0,35.7853207636492,,,,1292.60989835056
Saudi Arabia,SAU,3.4,71968.074955888,-0.355806291103363,32175224.0,84.729,5.96,159.74962,0.01,11773.5976594858
Sudan,SDN,2.4,3355.37817382813,-2.0769202709198,49383346.0,35.956,,507.25604,0.06,883.330383300781
Senegal,SEN,,4530.22059496055,-0.157593667507172,17651103.0,49.086,12.75,283.2685,0.04,964.525046205988
Singapore,SGP,4.3,143094.949896959,1.44037234783173,5637022.0,100.0,0.05,1.7699466,2.27,23670.1706710636
Solomon Islands,SLB,2.8,2697.4404319711,0.413905620574951,781066.0,25.584,11.9,12.802868,6.33,1060.44020914806
Sierra Leone,SLE,,3146.79294389687,-0.0945132076740265,8276807.0,43.831,13.61,129.27689,4.93,1191.39250279725
El Salvador,SLV,2.7,11875.9648066233,-0.352474838495255,6280319.0,74.767,3.09,101.9057,0.17,3410.58169536922
San Marino,SMR,,75941.4899090162,1.18703246116638,33755.0,97.732,,,,19264.1349519898
"Somalia, Fed. Rep.",SOM,2.0,1486.75765710824,-2.42969608306885,17801897.0,47.324,,305.0237,,582.981068351215
Serbia,SRB,2.8,26242.3468505296,-0.174069464206696,6664449.0,56.873,,422.60477,0.72,5251.55817560711
Sub-Saharan Africa (excluding high income),SSA,2.53461538461538,4806.69201749983,,1103704408.0,44.6956889472847,,,,1151.77513157201
South Sudan,SSD,,,-2.21309995651245,11021177.0,20.846,,1521.6163,,
Sub-Saharan Africa,SSF,2.53461538461538,4609.4935974602,,1229208573.0,42.4493969365686,,,,1107.81380927111
Small states,SST,2.82,24209.2404811735,,19852364.0,51.8158557665979,,,,6657.15337452341
Sao Tome and Principe,STP,,6033.6811722183,0.460358828306198,226305.0,75.755,,44.18659,22.1,
Suriname,SUR,,20078.836554595,0.399689197540283,623164.0,66.307,9.91,224.65707,0.07,
Slovak Republic,SVK,3.3,41096.018502098,0.445335745811462,5431752.0,53.909,1.95,210.11493,13.42,11011.2383850833
Slovenia,SVN,3.3,51079.1780691932,0.709335088729858,2112076.0,55.751,1.95,236.3808,8.71,13686.1123286307
Sweden,SWE,4.0,66375.6164555727,0.910905122756958,10486941.0,88.492,1.95,400.48303,19.93,25157.3900760257
Eswatini,SWZ,,10665.4994162858,-0.210463792085648,1218917.0,24.576,4.74,311.75113,0.73,2200.69133381702
Sint Maarten (Dutch part),SXM,,47005.4692201475,,42139.0,100.0,,,,
Seychelles,SYC,,29972.8758315937,0.762523114681244,119878.0,58.396,1.91,0.0,,11382.6163681846
Syrian Arab Republic,SYR,2.3,4772.4616766716,-2.77689838409424,22462173.0,56.769,,103.28477,,242.229822761451
Turks and Caicos Islands,TCA,,30220.8240138134,,45847.0,94.047,,,,
Chad,TCD,,2845.04838304237,-1.47040486335754,18455316.0,24.063,18.55,1444.0281,,559.746226880203
East Asia & Pacific (IDA & IBRD countries),TEA,2.95833333333333,20149.1118362942,,2107261123.0,59.1757435746239,,,,3930.69231321954
Europe & Central Asia (IDA & IBRD countries),TEC,2.835,32847.9133688228,,461268322.0,67.0058080559943,,,,5927.11152727587
Togo,TGO,2.5,2852.06442925895,-0.788051605224609,9089738.0,43.921,12.85,195.82513,4.15,640.389291964658
Thailand,THA,3.5,22243.0747727026,-0.393339306116104,71735329.0,52.889,8.26,185.12498,1.03,3510.09110223362
Tajikistan,TJK,2.5,4514.17512398164,-0.740999102592468,10182222.0,27.968,,215.08063,1.66,933.489074176296
Turkmenistan,TKM,,18340.1112805299,-0.110257938504219,7230193.0,53.494,,780.0617,,
Latin America & the Caribbean (IDA & IBRD countries),TLA,2.71304347826087,20711.3576224084,,637837815.0,81.5750058081646,,,,5969.29816702853
Timor-Leste,TLS,,5728.22147284378,0.256246715784073,1369295.0,32.074,,167.96916,9.46,845.10153034956
"Middle East, North Africa, Afghanistan & Pakistan (IDA & IBRD)",TMN,2.36666666666667,10260.2634270376,,711465045.0,51.7147486556237,,,,1976.2968053359
Tonga,TON,,7393.79648926129,1.09290516376495,105042.0,23.125,9.84,190.3801,0.92,4020.76138617593
South Asia (IDA & IBRD),TSA,2.825,9129.6017328325,,1648009565.0,35.7853207636492,,,,1292.60989835056
Sub-Saharan Africa (IDA & IBRD countries),TSS,2.53461538461538,4609.4935974602,,1229208573.0,42.4493969365686,,,,1107.81380927111
Trinidad and Tobago,TTO,2.5,32988.8093757144,0.34842374920845,1365805.0,53.34,9.02,106.957375,,
Tunisia,TUN,,13608.0725802241,-0.594559073448181,12119334.0,70.214,,184.82858,2.48,2985.06792981356
Turkiye,TUR,3.4,39101.0748100515,-1.03223478794098,84979913.0,77.022,7.48,299.10934,0.81,9710.55994241118
Tuvalu,TUV,,5661.14384766376,1.18310344219208,9992.0,65.527,,0.0,,
,TWN,,,,,,,,1.51,
Tanzania,TZA,,3799.8623046875,-0.260344117879868,64711821.0,36.682,12.76,332.39676,0.79,601.654541015625
Uganda,UGA,,2919.17775407108,-0.711015820503235,47312719.0,26.159,15.12,209.66878,3.51,699.743492498532
Ukraine,UKR,2.7,14770.0712890625,-1.94932460784912,41048766.0,69.919,2.09,401.7173,0.64,1712.88330078125
Upper middle income,UMC,2.77368421052632,21620.6059298756,,2803432387.0,67.9126119225171,,,,4599.61092852349
Uruguay,URY,3.0,33000.918699951,1.08582961559296,3390913.0,95.688,9.9,2014.2068,19.36,
United States,USA,3.8,77860.9112908848,0.008700686506927,334017321.0,83.084,2.72,447.0418,0.5,44382.9971565595
Uzbekistan,UZB,2.6,10292.5309427485,-0.20133601129055,34938955.0,50.466,,383.8123,0.01,2461.15100156476
St. Vincent and the Grenadines,VCT,,18035.273292812,1.03362321853638,102046.0,53.875,9.72,97.9787,,
"Venezuela, RB",VEN,2.3,,-1.25080645084381,28213017.0,88.378,12.74,354.8008,0.01,
British Virgin Islands,VGB,,,,38319.0,49.331,,,0.37,
Virgin Islands (U.S.),VIR,,49793.0324395716,0.529783725738525,105413.0,96.136,,,,24186.0109068988
Viet Nam,VNM,3.3,13905.1536875216,-0.0461320951581001,99680655.0,38.766,3.71,199.63753,0.25,2057.05698178473
Vanuatu,VUT,,3452.6074269388,0.961862087249756,313046.0,25.816,11.47,223.5986,1.24,2180.29963690309
World,WLD,3.0,21795.5422800663,,7990399768.0,56.815715402616,,,,6453.26125512795
Samoa,WSM,,6260.40238283391,1.09655201435089,215261.0,17.616,,185.81316,95.47,3105.52096763598
Kosovo,XKX,,13950.896732241,-0.198845237493515,1768096.0,,,,,4061.56435093235
"Yemen, Rep.",YEM,2.2,,-2.462735414505,38222876.0,39.188,,81.6265,,
South Africa,ZAF,3.7,14759.4350715619,-0.681386351585388,62378410.0,68.335,7.31,214.01634,0.05,3866.87072561405
Zambia,ZMB,,3840.72450511139,0.161331877112389,20152938.0,45.761,11.5,575.10236,0.04,
Zimbabwe,ZWE,2.5,3560.03940257044,-0.894974112510681,16069056.0,32.395,,254.5264,0.01,920.961808443486
