Entity,Code,Year,Agriculture area under organic agric. | 00006671 || Share in agricultural land | 007208 || percent
Afghanistan,AFG,2007,0
Afghanistan,AFG,2008,0
Afghanistan,AFG,2009,0
Afghanistan,AFG,2010,0
Afghanistan,AFG,2011,0
Afghanistan,AFG,2012,0
Afghanistan,AFG,2013,0
Afghanistan,AFG,2015,0
Afghanistan,AFG,2016,0
Afghanistan,AFG,2017,0
Afghanistan,AFG,2018,0
Afghanistan,AFG,2019,0
Afghanistan,AFG,2020,0
Afghanistan,AFG,2021,0
Afghanistan,AFG,2022,0
Africa (FAO),,2004,0.06
Africa (FAO),,2005,0.09
Africa (FAO),,2006,0.1
Africa (FAO),,2007,0.11
Africa (FAO),,2008,0.11
Africa (FAO),,2009,0.13
Africa (FAO),,2010,0.09
Africa (FAO),,2011,0.09
Africa (FAO),,2012,0.1
Africa (FAO),,2013,0.09
Africa (FAO),,2014,0.11
Africa (FAO),,2015,0.15
Africa (FAO),,2016,0.16
Africa (FAO),,2017,0.18
Africa (FAO),,2018,0.17
Africa (FAO),,2019,0.18
Africa (FAO),,2020,0.2
Africa (FAO),,2021,0.23
Africa (FAO),,2022,0.23
Albania,ALB,2005,0.11
Albania,ALB,2006,0.09
Albania,ALB,2007,0.01
Albania,ALB,2008,0.03
Albania,ALB,2009,0.04
Albania,ALB,2010,0.35
Albania,ALB,2011,0.48
Albania,ALB,2012,0.18
Albania,ALB,2013,0.18
Albania,ALB,2014,0.21
Albania,ALB,2016,0.06
Albania,ALB,2017,0.05
Albania,ALB,2018,0.06
Albania,ALB,2019,0.05
Albania,ALB,2020,0.08
Albania,ALB,2021,0.1
Albania,ALB,2022,0.06
Algeria,DZA,2004,0
Algeria,DZA,2005,0
Algeria,DZA,2006,0
Algeria,DZA,2007,0
Algeria,DZA,2008,0
Algeria,DZA,2009,0
Algeria,DZA,2010,0
Algeria,DZA,2011,0
Algeria,DZA,2012,0
Algeria,DZA,2013,0
Algeria,DZA,2014,0
Algeria,DZA,2015,0
Algeria,DZA,2016,0
Algeria,DZA,2017,0
Algeria,DZA,2018,0
Algeria,DZA,2019,0
Algeria,DZA,2020,0
Algeria,DZA,2021,0
Algeria,DZA,2022,0
Americas (FAO),,2004,0.28
Americas (FAO),,2005,0.62
Americas (FAO),,2006,0.55
Americas (FAO),,2007,0.69
Americas (FAO),,2008,0.84
Americas (FAO),,2009,0.9
Americas (FAO),,2010,0.89
Americas (FAO),,2011,0.85
Americas (FAO),,2012,0.85
Americas (FAO),,2013,0.86
Americas (FAO),,2014,0.87
Americas (FAO),,2015,0.86
Americas (FAO),,2016,0.9
Americas (FAO),,2017,0.99
Americas (FAO),,2018,1.02
Americas (FAO),,2019,1.07
Americas (FAO),,2020,1.23
Americas (FAO),,2021,1.2
Americas (FAO),,2022,1.12
Andorra,AND,2009,0
Andorra,AND,2010,0
Andorra,AND,2011,0
Andorra,AND,2013,0
Andorra,AND,2014,0.02
Andorra,AND,2015,0.01
Andorra,AND,2016,0.02
Andorra,AND,2017,0.01
Andorra,AND,2018,0.01
Andorra,AND,2019,0.01
Andorra,AND,2020,0.01
Andorra,AND,2021,0.01
Andorra,AND,2022,0.01
Angola,AGO,2009,0.01
Angola,AGO,2010,0.01
Angola,AGO,2011,0.01
Angola,AGO,2012,0.01
Angola,AGO,2013,0.01
Angola,AGO,2014,0.01
Angola,AGO,2016,0
Argentina,ARG,2004,2.04
Argentina,ARG,2005,2.06
Argentina,ARG,2006,1.81
Argentina,ARG,2007,2.14
Argentina,ARG,2008,3.15
Argentina,ARG,2009,3.48
Argentina,ARG,2010,3.28
Argentina,ARG,2011,3.03
Argentina,ARG,2012,2.87
Argentina,ARG,2013,2.62
Argentina,ARG,2014,2.49
Argentina,ARG,2015,2.54
Argentina,ARG,2016,2.39
Argentina,ARG,2017,2.7
Argentina,ARG,2018,3.12
Argentina,ARG,2019,3.11
Argentina,ARG,2020,3.74
Argentina,ARG,2021,3.31
Argentina,ARG,2022,3.03
Armenia,ARM,2005,0.02
Armenia,ARM,2006,0.01
Armenia,ARM,2007,0.02
Armenia,ARM,2008,0.03
Armenia,ARM,2009,0.03
Armenia,ARM,2010,0.04
Armenia,ARM,2011,0.04
Armenia,ARM,2012,0.05
Armenia,ARM,2013,0.06
Armenia,ARM,2014,0.06
Armenia,ARM,2015,0.11
Armenia,ARM,2016,0.07
Armenia,ARM,2017,0.09
Armenia,ARM,2018,0.04
Armenia,ARM,2019,0.04
Armenia,ARM,2020,0.03
Armenia,ARM,2021,0.03
Armenia,ARM,2022,0.04
Asia (FAO),,2004,0.01
Asia (FAO),,2005,0.17
Asia (FAO),,2006,0.19
Asia (FAO),,2007,0.19
Asia (FAO),,2008,0.21
Asia (FAO),,2009,0.25
Asia (FAO),,2010,0.2
Asia (FAO),,2011,0.26
Asia (FAO),,2012,0.24
Asia (FAO),,2013,0.25
Asia (FAO),,2014,0.27
Asia (FAO),,2015,0.27
Asia (FAO),,2016,0.33
Asia (FAO),,2017,0.4
Asia (FAO),,2018,0.42
Asia (FAO),,2019,0.39
Asia (FAO),,2020,0.39
Asia (FAO),,2021,0.41
Asia (FAO),,2022,0.55
Australia,AUS,2004,3.06
Australia,AUS,2005,2.86
Australia,AUS,2006,3
Australia,AUS,2007,3.01
Australia,AUS,2008,3.08
Australia,AUS,2009,3.12
Australia,AUS,2010,3.09
Australia,AUS,2011,2.83
Australia,AUS,2012,3.1
Australia,AUS,2013,2.62
Australia,AUS,2014,4.9
Australia,AUS,2015,6.52
Australia,AUS,2016,7.92
Australia,AUS,2017,9.59
Australia,AUS,2018,9.94
Australia,AUS,2019,9.85
Australia,AUS,2020,10.03
Australia,AUS,2021,9.82
Australia,AUS,2022,9.82
Austria,AUT,2004,16.07
Austria,AUT,2005,16.8
Austria,AUT,2006,16.8
Austria,AUT,2007,17.04
Austria,AUT,2008,17.53
Austria,AUT,2009,18.56
Austria,AUT,2010,19.56
Austria,AUT,2011,19.68
Austria,AUT,2012,19.66
Austria,AUT,2013,19.39
Austria,AUT,2014,19.34
Austria,AUT,2015,20.31
Austria,AUT,2016,21.4
Austria,AUT,2017,23.38
Austria,AUT,2018,24.09
Austria,AUT,2019,25.34
Austria,AUT,2020,26.13
Austria,AUT,2021,26.16
Austria,AUT,2022,27.17
Azerbaijan,AZE,2005,0.43
Azerbaijan,AZE,2006,0.44
Azerbaijan,AZE,2007,0.45
Azerbaijan,AZE,2008,0.45
Azerbaijan,AZE,2009,0.43
Azerbaijan,AZE,2010,0.45
Azerbaijan,AZE,2011,0.46
Azerbaijan,AZE,2012,0.5
Azerbaijan,AZE,2013,0.49
Azerbaijan,AZE,2014,0.49
Azerbaijan,AZE,2015,0.79
Azerbaijan,AZE,2016,0.79
Azerbaijan,AZE,2017,0.79
Azerbaijan,AZE,2018,0.79
Azerbaijan,AZE,2019,0.79
Azerbaijan,AZE,2020,0.8
Azerbaijan,AZE,2021,0.8
Azerbaijan,AZE,2022,0.8
Bahamas,BHS,2013,0.38
Bahamas,BHS,2014,0.38
Bahamas,BHS,2015,0.38
Bahamas,BHS,2016,0.38
Bahamas,BHS,2017,0.38
Bahamas,BHS,2018,0.38
Bahamas,BHS,2019,0.38
Bahamas,BHS,2020,0.38
Bahamas,BHS,2021,0.38
Bahamas,BHS,2022,0.38
Bangladesh,BGD,2008,0.01
Bangladesh,BGD,2009,0.01
Bangladesh,BGD,2010,0.01
Bangladesh,BGD,2011,0.07
Bangladesh,BGD,2012,0.08
Bangladesh,BGD,2013,0.08
Bangladesh,BGD,2014,0.08
Bangladesh,BGD,2015,0.07
Bangladesh,BGD,2016,0.07
Bangladesh,BGD,2017,0.09
Bangladesh,BGD,2018,0.02
Bangladesh,BGD,2019,0.02
Bangladesh,BGD,2020,0.01
Bangladesh,BGD,2021,0.01
Bangladesh,BGD,2022,0.01
Belarus,BLR,2018,0.02
Belarus,BLR,2019,0.02
Belarus,BLR,2020,0.08
Belarus,BLR,2021,0.08
Belarus,BLR,2022,0.08
Belgium,BEL,2004,1.71
Belgium,BEL,2005,1.76
Belgium,BEL,2006,2.07
Belgium,BEL,2007,2.39
Belgium,BEL,2008,2.62
Belgium,BEL,2009,3.03
Belgium,BEL,2010,3.61
Belgium,BEL,2011,4.43
Belgium,BEL,2012,4.48
Belgium,BEL,2013,4.68
Belgium,BEL,2014,5.01
Belgium,BEL,2015,5.18
Belgium,BEL,2016,5.81
Belgium,BEL,2017,6.29
Belgium,BEL,2018,6.57
Belgium,BEL,2019,6.87
Belgium,BEL,2020,7.26
Belgium,BEL,2021,7.5
Belgium,BEL,2022,7.49
Belize,BLZ,2005,1.18
Belize,BLZ,2006,1.18
Belize,BLZ,2007,1.18
Belize,BLZ,2008,0.59
Belize,BLZ,2009,0.76
Belize,BLZ,2010,0.75
Belize,BLZ,2011,0.76
Belize,BLZ,2012,1.16
Belize,BLZ,2013,0.5
Belize,BLZ,2014,0.56
Belize,BLZ,2015,0.49
Belize,BLZ,2016,0.22
Belize,BLZ,2017,0.22
Belize,BLZ,2018,0.13
Belize,BLZ,2019,0.04
Belize,BLZ,2020,0.25
Belize,BLZ,2021,0.37
Belize,BLZ,2022,0.28
Benin,BEN,2005,0.01
Benin,BEN,2006,0.02
Benin,BEN,2007,0.04
Benin,BEN,2008,0.03
Benin,BEN,2009,0.02
Benin,BEN,2010,0.03
Benin,BEN,2011,0.05
Benin,BEN,2012,0.07
Benin,BEN,2013,0.05
Benin,BEN,2014,0.06
Benin,BEN,2015,0.06
Benin,BEN,2016,0.15
Benin,BEN,2017,0.46
Benin,BEN,2018,0.37
Benin,BEN,2019,0.33
Benin,BEN,2020,0.78
Benin,BEN,2021,1.06
Benin,BEN,2022,1.22
Bhutan,BTN,2005,0.03
Bhutan,BTN,2006,0.03
Bhutan,BTN,2007,0.01
Bhutan,BTN,2008,0.01
Bhutan,BTN,2011,1.18
Bhutan,BTN,2012,1.19
Bhutan,BTN,2013,1.29
Bhutan,BTN,2014,1.29
Bhutan,BTN,2015,1.31
Bhutan,BTN,2016,1.27
Bhutan,BTN,2017,1.29
Bhutan,BTN,2018,1.29
Bhutan,BTN,2019,1.29
Bhutan,BTN,2020,0.81
Bhutan,BTN,2021,1.14
Bhutan,BTN,2022,1.15
Bolivia,BOL,2005,0.1
Bolivia,BOL,2006,0.11
Bolivia,BOL,2007,0.11
Bolivia,BOL,2008,0.11
Bolivia,BOL,2009,0.11
Bolivia,BOL,2010,0.3
Bolivia,BOL,2011,0.39
Bolivia,BOL,2012,0.38
Bolivia,BOL,2013,0.38
Bolivia,BOL,2014,0.3
Bolivia,BOL,2015,0.3
Bolivia,BOL,2016,0.3
Bolivia,BOL,2017,0.3
Bolivia,BOL,2018,0.3
Bolivia,BOL,2019,0.37
Bolivia,BOL,2020,0.47
Bolivia,BOL,2021,0.46
Bolivia,BOL,2022,0.3
Bosnia and Herzegovina,BIH,2005,0.02
Bosnia and Herzegovina,BIH,2006,0.03
Bosnia and Herzegovina,BIH,2007,0.03
Bosnia and Herzegovina,BIH,2008,0.03
Bosnia and Herzegovina,BIH,2009,0.03
Bosnia and Herzegovina,BIH,2010,0.03
Bosnia and Herzegovina,BIH,2011,0.02
Bosnia and Herzegovina,BIH,2012,0.02
Bosnia and Herzegovina,BIH,2013,0.01
Bosnia and Herzegovina,BIH,2014,0.02
Bosnia and Herzegovina,BIH,2015,0.03
Bosnia and Herzegovina,BIH,2016,0.05
Bosnia and Herzegovina,BIH,2017,0.06
Bosnia and Herzegovina,BIH,2018,0.04
Bosnia and Herzegovina,BIH,2019,0.08
Bosnia and Herzegovina,BIH,2020,0.08
Bosnia and Herzegovina,BIH,2021,0.11
Bosnia and Herzegovina,BIH,2022,0.11
Brazil,BRA,2005,0.37
Brazil,BRA,2006,0.23
Brazil,BRA,2007,0.41
Brazil,BRA,2008,0.4
Brazil,BRA,2009,0.4
Brazil,BRA,2010,0.4
Brazil,BRA,2011,0.3
Brazil,BRA,2012,0.3
Brazil,BRA,2013,0.3
Brazil,BRA,2014,0.32
Brazil,BRA,2015,0.32
Brazil,BRA,2016,0.32
Brazil,BRA,2017,0.48
Brazil,BRA,2018,0.51
Brazil,BRA,2019,0.55
Brazil,BRA,2020,0.58
Brazil,BRA,2021,0.66
Brazil,BRA,2022,0.45
British Virgin Islands,VGB,2020,0.37
British Virgin Islands,VGB,2021,0.37
British Virgin Islands,VGB,2022,0.37
Bulgaria,BGR,2005,0.05
Bulgaria,BGR,2006,0.09
Bulgaria,BGR,2007,0.27
Bulgaria,BGR,2008,0.33
Bulgaria,BGR,2009,0.24
Bulgaria,BGR,2010,0.51
Bulgaria,BGR,2011,0.52
Bulgaria,BGR,2012,0.79
Bulgaria,BGR,2013,1.12
Bulgaria,BGR,2014,1.49
Bulgaria,BGR,2015,2.37
Bulgaria,BGR,2016,3.2
Bulgaria,BGR,2017,2.72
Bulgaria,BGR,2018,2.89
Bulgaria,BGR,2019,4.26
Bulgaria,BGR,2020,2.3
Bulgaria,BGR,2021,1.71
Bulgaria,BGR,2022,2.2
Burkina Faso,BFA,2005,0
Burkina Faso,BFA,2006,0.03
Burkina Faso,BFA,2007,0.06
Burkina Faso,BFA,2008,0.13
Burkina Faso,BFA,2009,0.12
Burkina Faso,BFA,2010,0.11
Burkina Faso,BFA,2011,0.15
Burkina Faso,BFA,2012,0.12
Burkina Faso,BFA,2013,0.13
Burkina Faso,BFA,2014,0.15
Burkina Faso,BFA,2015,0.18
Burkina Faso,BFA,2016,0.2
Burkina Faso,BFA,2017,0.43
Burkina Faso,BFA,2018,0.4
Burkina Faso,BFA,2019,0.62
Burkina Faso,BFA,2020,0.46
Burkina Faso,BFA,2021,0.55
Burkina Faso,BFA,2022,0.63
Burundi,BDI,2005,0.02
Burundi,BDI,2006,0.02
Burundi,BDI,2008,0.02
Burundi,BDI,2009,0.02
Burundi,BDI,2010,0.02
Burundi,BDI,2011,0.03
Burundi,BDI,2012,0.03
Burundi,BDI,2013,0.03
Burundi,BDI,2014,0.01
Burundi,BDI,2015,0.01
Burundi,BDI,2016,0.01
Burundi,BDI,2017,0
Burundi,BDI,2018,0.01
Burundi,BDI,2019,0
Burundi,BDI,2020,0.02
Burundi,BDI,2021,0.03
Burundi,BDI,2022,0.02
Cambodia,KHM,2005,0.02
Cambodia,KHM,2006,0.03
Cambodia,KHM,2007,0.08
Cambodia,KHM,2008,0.16
Cambodia,KHM,2009,0.2
Cambodia,KHM,2010,0.15
Cambodia,KHM,2011,0.15
Cambodia,KHM,2012,0.16
Cambodia,KHM,2013,0.18
Cambodia,KHM,2014,0.18
Cambodia,KHM,2015,0.21
Cambodia,KHM,2016,0.17
Cambodia,KHM,2017,0.19
Cambodia,KHM,2018,0.47
Cambodia,KHM,2019,0.43
Cambodia,KHM,2020,0.59
Cambodia,KHM,2021,0.34
Cambodia,KHM,2022,0.5
Cameroon,CMR,2006,0.01
Cameroon,CMR,2007,0
Cameroon,CMR,2008,0
Cameroon,CMR,2009,0
Cameroon,CMR,2010,0.01
Cameroon,CMR,2011,0.01
Cameroon,CMR,2012,0.01
Cameroon,CMR,2013,0.01
Cameroon,CMR,2014,0
Cameroon,CMR,2015,0
Cameroon,CMR,2016,0
Cameroon,CMR,2017,0.01
Cameroon,CMR,2018,0.01
Cameroon,CMR,2019,0
Cameroon,CMR,2020,0
Cameroon,CMR,2021,0.02
Cameroon,CMR,2022,0.02
Canada,CAN,2004,0.88
Canada,CAN,2005,0.94
Canada,CAN,2006,1
Canada,CAN,2007,0.93
Canada,CAN,2008,1.06
Canada,CAN,2009,1.2
Canada,CAN,2010,1.21
Canada,CAN,2011,1.46
Canada,CAN,2012,1.44
Canada,CAN,2013,1.5
Canada,CAN,2014,1.56
Canada,CAN,2015,1.63
Canada,CAN,2016,1.89
Canada,CAN,2017,2.06
Canada,CAN,2018,2.27
Canada,CAN,2019,2.29
Canada,CAN,2020,2.48
Canada,CAN,2021,2.13
Canada,CAN,2022,2.75
Cape Verde,CPV,2015,0.63
Cape Verde,CPV,2016,0.63
Cape Verde,CPV,2017,0.63
Cape Verde,CPV,2018,0.63
Cape Verde,CPV,2019,0.63
Cape Verde,CPV,2020,0
Caribbean (FAO),,2005,0.75
Caribbean (FAO),,2006,0.86
Caribbean (FAO),,2007,1.18
Caribbean (FAO),,2008,1.19
Caribbean (FAO),,2009,1.51
Caribbean (FAO),,2010,1.46
Caribbean (FAO),,2011,1.42
Caribbean (FAO),,2012,1.53
Caribbean (FAO),,2013,1.87
Caribbean (FAO),,2014,1.77
Caribbean (FAO),,2015,1.5
Caribbean (FAO),,2016,1.85
Caribbean (FAO),,2017,1.89
Caribbean (FAO),,2018,1.57
Caribbean (FAO),,2019,1.24
Caribbean (FAO),,2020,1.08
Caribbean (FAO),,2021,1.11
Caribbean (FAO),,2022,1.82
Central America (FAO),,2004,0
Central America (FAO),,2005,0.32
Central America (FAO),,2006,0.33
Central America (FAO),,2007,0.4
Central America (FAO),,2008,0.36
Central America (FAO),,2009,0.34
Central America (FAO),,2010,0.35
Central America (FAO),,2011,0.38
Central America (FAO),,2012,0.49
Central America (FAO),,2013,0.51
Central America (FAO),,2014,0.52
Central America (FAO),,2015,0.59
Central America (FAO),,2016,0.66
Central America (FAO),,2017,0.67
Central America (FAO),,2018,0.24
Central America (FAO),,2019,0.42
Central America (FAO),,2020,0.37
Central America (FAO),,2021,0.37
Central America (FAO),,2022,0.54
Central Asia (FAO),,2005,0
Central Asia (FAO),,2006,0
Central Asia (FAO),,2007,0.01
Central Asia (FAO),,2008,0.06
Central Asia (FAO),,2009,0.05
Central Asia (FAO),,2010,0.05
Central Asia (FAO),,2011,0.07
Central Asia (FAO),,2012,0.11
Central Asia (FAO),,2013,0.11
Central Asia (FAO),,2014,0.11
Central Asia (FAO),,2015,0.11
Central Asia (FAO),,2016,0.11
Central Asia (FAO),,2017,0.11
Central Asia (FAO),,2018,0.08
Central Asia (FAO),,2019,0.11
Central Asia (FAO),,2020,0.05
Central Asia (FAO),,2021,0.06
Central Asia (FAO),,2022,0.07
Channel Islands,OWID_CIS,2004,4.67
Channel Islands,OWID_CIS,2005,3.03
Channel Islands,OWID_CIS,2006,4.17
Channel Islands,OWID_CIS,2007,4.63
Channel Islands,OWID_CIS,2008,5.31
Channel Islands,OWID_CIS,2009,4.2
Channel Islands,OWID_CIS,2010,3.95
Channel Islands,OWID_CIS,2011,2.6
Channel Islands,OWID_CIS,2012,2.72
Channel Islands,OWID_CIS,2013,2.54
Channel Islands,OWID_CIS,2014,1.89
Channel Islands,OWID_CIS,2015,1.84
Channel Islands,OWID_CIS,2016,1.94
Channel Islands,OWID_CIS,2017,1.95
Channel Islands,OWID_CIS,2018,2.1
Channel Islands,OWID_CIS,2019,2.1
Channel Islands,OWID_CIS,2020,2.1
Channel Islands,OWID_CIS,2021,2.1
Channel Islands,OWID_CIS,2022,2.1
Chile,CHL,2004,0.13
Chile,CHL,2005,0.14
Chile,CHL,2006,0.06
Chile,CHL,2007,0.08
Chile,CHL,2008,0.09
Chile,CHL,2009,0.52
Chile,CHL,2010,0.22
Chile,CHL,2011,0.2
Chile,CHL,2012,0.11
Chile,CHL,2013,0.13
Chile,CHL,2014,0.15
Chile,CHL,2015,0.15
Chile,CHL,2016,0.13
Chile,CHL,2017,0.16
Chile,CHL,2018,0.15
Chile,CHL,2019,0.18
Chile,CHL,2020,1.43
Chile,CHL,2021,1.41
Chile,CHL,2022,1.76
China,CHN,2005,0.44
China,CHN,2006,0.44
China,CHN,2007,0.3
China,CHN,2008,0.35
China,CHN,2009,0.35
China,CHN,2010,0.26
China,CHN,2011,0.36
China,CHN,2012,0.36
China,CHN,2013,0.4
China,CHN,2014,0.37
China,CHN,2015,0.31
China,CHN,2016,0.44
China,CHN,2017,0.58
China,CHN,2018,0.6
China,CHN,2019,0.43
China,CHN,2020,0.47
China,CHN,2021,0.53
China,CHN,2022,0.56
China (FAO),,2005,0.44
China (FAO),,2006,0.44
China (FAO),,2007,0.3
China (FAO),,2008,0.35
China (FAO),,2009,0.35
China (FAO),,2010,0.26
China (FAO),,2011,0.36
China (FAO),,2012,0.36
China (FAO),,2013,0.4
China (FAO),,2014,0.37
China (FAO),,2015,0.31
China (FAO),,2016,0.44
China (FAO),,2017,0.58
China (FAO),,2018,0.6
China (FAO),,2019,0.43
China (FAO),,2020,0.47
China (FAO),,2021,0.53
China (FAO),,2022,0.56
Colombia,COL,2005,0.11
Colombia,COL,2006,0.12
Colombia,COL,2007,0.1
Colombia,COL,2008,0.11
Colombia,COL,2009,0.11
Colombia,COL,2010,0.09
Colombia,COL,2011,0.1
Colombia,COL,2012,0.1
Colombia,COL,2013,0.07
Colombia,COL,2014,0.07
Colombia,COL,2015,0.07
Colombia,COL,2016,0.07
Colombia,COL,2017,0.07
Colombia,COL,2018,0.05
Colombia,COL,2019,0.07
Colombia,COL,2020,0.09
Colombia,COL,2021,0.23
Colombia,COL,2022,0.24
Comoros,COM,2008,0.83
Comoros,COM,2009,0.98
Comoros,COM,2010,0.78
Comoros,COM,2011,1.95
Comoros,COM,2012,1.95
Comoros,COM,2013,1.95
Comoros,COM,2014,1.28
Comoros,COM,2015,1.13
Comoros,COM,2016,1.95
Comoros,COM,2017,1.08
Comoros,COM,2018,1.61
Comoros,COM,2019,0.87
Comoros,COM,2020,0.76
Comoros,COM,2021,0.7
Comoros,COM,2022,0.53
Cook Islands,COK,2010,1
Cook Islands,COK,2011,1.05
Cook Islands,COK,2012,1.05
Cook Islands,COK,2013,1.05
Cook Islands,COK,2014,0.53
Cook Islands,COK,2015,0.53
Cook Islands,COK,2016,0.53
Cook Islands,COK,2017,1.58
Cook Islands,COK,2018,1.26
Cook Islands,COK,2019,0.79
Cook Islands,COK,2020,0.79
Cook Islands,COK,2021,0.81
Cook Islands,COK,2022,0.47
Costa Rica,CRI,2005,0.54
Costa Rica,CRI,2006,0.59
Costa Rica,CRI,2007,0.44
Costa Rica,CRI,2008,0.45
Costa Rica,CRI,2009,0.45
Costa Rica,CRI,2010,0.61
Costa Rica,CRI,2011,0.53
Costa Rica,CRI,2012,0.52
Costa Rica,CRI,2013,0.41
Costa Rica,CRI,2014,0.44
Costa Rica,CRI,2015,0.44
Costa Rica,CRI,2016,0.44
Costa Rica,CRI,2017,0.49
Costa Rica,CRI,2018,0.5
Costa Rica,CRI,2019,0.5
Costa Rica,CRI,2020,0.65
Costa Rica,CRI,2021,0.58
Costa Rica,CRI,2022,0.68
Cote d'Ivoire,CIV,2006,0.06
Cote d'Ivoire,CIV,2007,0
Cote d'Ivoire,CIV,2008,0.01
Cote d'Ivoire,CIV,2009,0.08
Cote d'Ivoire,CIV,2010,0.09
Cote d'Ivoire,CIV,2011,0.1
Cote d'Ivoire,CIV,2012,0.09
Cote d'Ivoire,CIV,2013,0.09
Cote d'Ivoire,CIV,2014,0.08
Cote d'Ivoire,CIV,2015,0.16
Cote d'Ivoire,CIV,2016,0.18
Cote d'Ivoire,CIV,2017,0.2
Cote d'Ivoire,CIV,2018,0.2
Cote d'Ivoire,CIV,2019,0.26
Cote d'Ivoire,CIV,2020,0.3
Cote d'Ivoire,CIV,2021,0.29
Cote d'Ivoire,CIV,2022,0.29
Croatia,HRV,2004,0.19
Croatia,HRV,2005,0.24
Croatia,HRV,2006,0.48
Croatia,HRV,2007,0.62
Croatia,HRV,2008,0.78
Croatia,HRV,2009,1.08
Croatia,HRV,2010,1.75
Croatia,HRV,2011,2.41
Croatia,HRV,2012,2.4
Croatia,HRV,2013,2.59
Croatia,HRV,2014,3.32
Croatia,HRV,2015,4.94
Croatia,HRV,2016,6.05
Croatia,HRV,2017,6.45
Croatia,HRV,2018,6.95
Croatia,HRV,2019,7.19
Croatia,HRV,2020,7.22
Croatia,HRV,2021,8.26
Croatia,HRV,2022,8.94
Cuba,CUB,2005,0.23
Cuba,CUB,2006,0.23
Cuba,CUB,2007,0.22
Cuba,CUB,2008,0.22
Cuba,CUB,2009,0.22
Cuba,CUB,2010,0.03
Cuba,CUB,2011,0.03
Cuba,CUB,2012,0.08
Cuba,CUB,2013,0.12
Cuba,CUB,2014,0.05
Cuba,CUB,2015,0.07
Cuba,CUB,2016,0.02
Cuba,CUB,2017,0.1
Cuba,CUB,2018,0.1
Cuba,CUB,2019,0.04
Cuba,CUB,2020,0.03
Cuba,CUB,2021,0.03
Cuba,CUB,2022,0.03
Cyprus,CYP,2004,0.65
Cyprus,CYP,2005,1.02
Cyprus,CYP,2006,1.27
Cyprus,CYP,2007,1.56
Cyprus,CYP,2008,1.73
Cyprus,CYP,2009,2.8
Cyprus,CYP,2010,3.12
Cyprus,CYP,2011,3.07
Cyprus,CYP,2012,3.34
Cyprus,CYP,2013,3.95
Cyprus,CYP,2014,3.58
Cyprus,CYP,2015,3.71
Cyprus,CYP,2016,5.12
Cyprus,CYP,2017,4.61
Cyprus,CYP,2018,4.53
Cyprus,CYP,2019,4.98
Cyprus,CYP,2020,4.64
Cyprus,CYP,2021,6.36
Cyprus,CYP,2022,6.3
Czechia,CZE,2004,7.25
Czechia,CZE,2005,7.04
Czechia,CZE,2006,7.12
Czechia,CZE,2007,7.84
Czechia,CZE,2008,9.58
Czechia,CZE,2009,11.22
Czechia,CZE,2010,12.71
Czechia,CZE,2011,13.78
Czechia,CZE,2012,13.5
Czechia,CZE,2013,13.52
Czechia,CZE,2014,13.57
Czechia,CZE,2015,13.82
Czechia,CZE,2016,14.08
Czechia,CZE,2017,14.34
Czechia,CZE,2018,14.82
Czechia,CZE,2019,15.35
Czechia,CZE,2020,15.41
Czechia,CZE,2021,15.81
Czechia,CZE,2022,16.29
Democratic Republic of Congo,COD,2006,0.03
Democratic Republic of Congo,COD,2007,0.02
Democratic Republic of Congo,COD,2008,0.03
Democratic Republic of Congo,COD,2009,0.02
Democratic Republic of Congo,COD,2010,0.12
Democratic Republic of Congo,COD,2011,0.14
Democratic Republic of Congo,COD,2012,0.17
Democratic Republic of Congo,COD,2013,0.16
Democratic Republic of Congo,COD,2014,0.28
Democratic Republic of Congo,COD,2015,0.29
Democratic Republic of Congo,COD,2016,0.29
Democratic Republic of Congo,COD,2017,0.18
Democratic Republic of Congo,COD,2018,0.18
Democratic Republic of Congo,COD,2019,0.26
Democratic Republic of Congo,COD,2020,0.35
Democratic Republic of Congo,COD,2021,0.26
Democratic Republic of Congo,COD,2022,0.33
Denmark,DNK,2004,5.85
Denmark,DNK,2005,4.95
Denmark,DNK,2006,5.1
Denmark,DNK,2007,5.64
Denmark,DNK,2008,5.63
Denmark,DNK,2009,5.94
Denmark,DNK,2010,6.2
Denmark,DNK,2011,6.03
Denmark,DNK,2012,6.67
Denmark,DNK,2013,6.44
Denmark,DNK,2014,6.53
Denmark,DNK,2015,6.7
Denmark,DNK,2016,7.69
Denmark,DNK,2017,8.89
Denmark,DNK,2018,10.1
Denmark,DNK,2019,11.23
Denmark,DNK,2020,11.6
Denmark,DNK,2021,11.76
Denmark,DNK,2022,11.62
Dominica,DMA,2011,0.96
Dominica,DMA,2012,0.96
Dominica,DMA,2013,0.96
Dominica,DMA,2014,0.96
Dominica,DMA,2015,0.96
Dominica,DMA,2016,0.96
Dominica,DMA,2017,0.96
Dominica,DMA,2018,0.96
Dominica,DMA,2019,0.96
Dominica,DMA,2021,11.63
Dominica,DMA,2022,11.63
Dominican Republic,DOM,2005,3
Dominican Republic,DOM,2006,3.53
Dominican Republic,DOM,2007,5.09
Dominican Republic,DOM,2008,5.14
Dominican Republic,DOM,2009,6.72
Dominican Republic,DOM,2010,7
Dominican Republic,DOM,2011,6.72
Dominican Republic,DOM,2012,7.27
Dominican Republic,DOM,2013,8.75
Dominican Republic,DOM,2014,8.41
Dominican Republic,DOM,2015,6.75
Dominican Republic,DOM,2016,8.45
Dominican Republic,DOM,2017,8.45
Dominican Republic,DOM,2018,6.96
Dominican Republic,DOM,2019,5.53
Dominican Republic,DOM,2020,4.83
Dominican Republic,DOM,2021,4.83
Dominican Republic,DOM,2022,8.09
East Timor,TLS,2005,6.46
East Timor,TLS,2006,7.1
East Timor,TLS,2007,7.16
East Timor,TLS,2008,7.75
East Timor,TLS,2009,7.39
East Timor,TLS,2010,7.32
East Timor,TLS,2011,7.31
East Timor,TLS,2012,7.28
East Timor,TLS,2013,7.27
East Timor,TLS,2014,7.5
East Timor,TLS,2015,7.4
East Timor,TLS,2016,8.3
East Timor,TLS,2017,9.16
East Timor,TLS,2018,17.48
East Timor,TLS,2019,9.51
East Timor,TLS,2020,9.46
East Timor,TLS,2021,9.46
East Timor,TLS,2022,9.46
Eastern Africa (FAO),,2005,0.08
Eastern Africa (FAO),,2006,0.14
Eastern Africa (FAO),,2007,0.18
Eastern Africa (FAO),,2008,0.14
Eastern Africa (FAO),,2009,0.15
Eastern Africa (FAO),,2010,0.16
Eastern Africa (FAO),,2011,0.18
Eastern Africa (FAO),,2012,0.19
Eastern Africa (FAO),,2013,0.19
Eastern Africa (FAO),,2014,0.2
Eastern Africa (FAO),,2015,0.3
Eastern Africa (FAO),,2016,0.29
Eastern Africa (FAO),,2017,0.3
Eastern Africa (FAO),,2018,0.29
Eastern Africa (FAO),,2019,0.31
Eastern Africa (FAO),,2020,0.31
Eastern Africa (FAO),,2021,0.42
Eastern Africa (FAO),,2022,0.41
Eastern Asia (FAO),,2005,0.35
Eastern Asia (FAO),,2006,0.35
Eastern Asia (FAO),,2007,0.25
Eastern Asia (FAO),,2008,0.29
Eastern Asia (FAO),,2009,0.29
Eastern Asia (FAO),,2010,0.22
Eastern Asia (FAO),,2011,0.3
Eastern Asia (FAO),,2012,0.3
Eastern Asia (FAO),,2013,0.33
Eastern Asia (FAO),,2014,0.3
Eastern Asia (FAO),,2015,0.25
Eastern Asia (FAO),,2016,0.36
Eastern Asia (FAO),,2017,0.47
Eastern Asia (FAO),,2018,0.49
Eastern Asia (FAO),,2019,0.35
Eastern Asia (FAO),,2020,0.39
Eastern Asia (FAO),,2021,0.44
Eastern Asia (FAO),,2022,0.46
Eastern Europe (FAO),,2004,0.15
Eastern Europe (FAO),,2005,0.28
Eastern Europe (FAO),,2006,0.3
Eastern Europe (FAO),,2007,0.39
Eastern Europe (FAO),,2008,0.44
Eastern Europe (FAO),,2009,0.53
Eastern Europe (FAO),,2010,0.58
Eastern Europe (FAO),,2011,0.66
Eastern Europe (FAO),,2012,0.71
Eastern Europe (FAO),,2013,0.75
Eastern Europe (FAO),,2014,0.79
Eastern Europe (FAO),,2015,0.82
Eastern Europe (FAO),,2016,0.81
Eastern Europe (FAO),,2017,0.89
Eastern Europe (FAO),,2018,0.9
Eastern Europe (FAO),,2019,1.07
Eastern Europe (FAO),,2020,1.05
Eastern Europe (FAO),,2021,1.1
Eastern Europe (FAO),,2022,0.95
Ecuador,ECU,2007,0.66
Ecuador,ECU,2008,0.95
Ecuador,ECU,2009,0.92
Ecuador,ECU,2010,0.87
Ecuador,ECU,2011,0.71
Ecuador,ECU,2012,0.75
Ecuador,ECU,2013,0.57
Ecuador,ECU,2014,0.84
Ecuador,ECU,2015,0.79
Ecuador,ECU,2016,0.72
Ecuador,ECU,2017,0.75
Ecuador,ECU,2018,0.77
Ecuador,ECU,2019,0.9
Ecuador,ECU,2020,0.77
Ecuador,ECU,2021,0.95
Ecuador,ECU,2022,1.15
Egypt,EGY,2005,0.7
Egypt,EGY,2006,0.4
Egypt,EGY,2007,0.54
Egypt,EGY,2008,1.13
Egypt,EGY,2009,1.52
Egypt,EGY,2010,2.23
Egypt,EGY,2011,2.27
Egypt,EGY,2012,2.22
Egypt,EGY,2013,2.3
Egypt,EGY,2014,2.31
Egypt,EGY,2015,2.26
Egypt,EGY,2016,2.84
Egypt,EGY,2017,2.76
Egypt,EGY,2018,3
Egypt,EGY,2019,2.96
Egypt,EGY,2020,2.92
Egypt,EGY,2021,2.88
Egypt,EGY,2022,2.86
El Salvador,SLV,2005,0.43
El Salvador,SLV,2006,0.62
El Salvador,SLV,2007,0.6
El Salvador,SLV,2008,0.54
El Salvador,SLV,2009,0.55
El Salvador,SLV,2010,0.55
El Salvador,SLV,2011,0.55
El Salvador,SLV,2012,0.55
El Salvador,SLV,2013,0.55
El Salvador,SLV,2014,0.55
El Salvador,SLV,2015,1.12
El Salvador,SLV,2016,0.12
El Salvador,SLV,2017,0.14
El Salvador,SLV,2018,0.14
El Salvador,SLV,2019,0.14
El Salvador,SLV,2020,0.21
El Salvador,SLV,2021,0.21
El Salvador,SLV,2022,0.17
Estonia,EST,2004,5.84
Estonia,EST,2005,6.62
Estonia,EST,2006,7.99
Estonia,EST,2007,8.66
Estonia,EST,2008,9.62
Estonia,EST,2009,10.41
Estonia,EST,2010,12.75
Estonia,EST,2011,14.16
Estonia,EST,2012,15.06
Estonia,EST,2013,15.65
Estonia,EST,2014,15.98
Estonia,EST,2015,15.69
Estonia,EST,2016,18.04
Estonia,EST,2017,20
Estonia,EST,2018,20.97
Estonia,EST,2019,22.33
Estonia,EST,2020,22.42
Estonia,EST,2021,22.96
Estonia,EST,2022,23.43
Eswatini,SWZ,2008,0
Eswatini,SWZ,2009,0
Eswatini,SWZ,2010,0
Eswatini,SWZ,2011,0
Eswatini,SWZ,2012,0
Eswatini,SWZ,2013,0
Eswatini,SWZ,2014,0
Eswatini,SWZ,2015,0.05
Eswatini,SWZ,2016,0
Eswatini,SWZ,2017,0.02
Eswatini,SWZ,2018,0.02
Eswatini,SWZ,2019,0.07
Eswatini,SWZ,2020,0.1
Eswatini,SWZ,2021,0.3
Eswatini,SWZ,2022,0.73
Ethiopia,ETH,2006,0.33
Ethiopia,ETH,2007,0.4
Ethiopia,ETH,2008,0.29
Ethiopia,ETH,2009,0.35
Ethiopia,ETH,2010,0.38
Ethiopia,ETH,2011,0.39
Ethiopia,ETH,2012,0.45
Ethiopia,ETH,2013,0.44
Ethiopia,ETH,2014,0.44
Ethiopia,ETH,2015,0.5
Ethiopia,ETH,2016,0.5
Ethiopia,ETH,2017,0.5
Ethiopia,ETH,2018,0.49
Ethiopia,ETH,2019,0.55
Ethiopia,ETH,2020,0.61
Ethiopia,ETH,2021,0.86
Ethiopia,ETH,2022,0.62
Europe (FAO),,2004,1.21
Europe (FAO),,2005,1.38
Europe (FAO),,2006,1.48
Europe (FAO),,2007,1.6
Europe (FAO),,2008,1.72
Europe (FAO),,2009,1.9
Europe (FAO),,2010,2.04
Europe (FAO),,2011,2.16
Europe (FAO),,2012,2.31
Europe (FAO),,2013,2.34
Europe (FAO),,2014,2.42
Europe (FAO),,2015,2.63
Europe (FAO),,2016,2.79
Europe (FAO),,2017,2.98
Europe (FAO),,2018,3.18
Europe (FAO),,2019,3.4
Europe (FAO),,2020,3.6
Europe (FAO),,2021,3.82
Europe (FAO),,2022,3.89
European Union (27),,2004,2.83
European Union (27),,2005,3.17
European Union (27),,2006,3.45
European Union (27),,2007,3.73
European Union (27),,2008,4.01
European Union (27),,2009,4.46
European Union (27),,2010,4.92
European Union (27),,2011,5.25
European Union (27),,2012,5.69
European Union (27),,2013,5.72
European Union (27),,2014,5.92
European Union (27),,2015,6.45
European Union (27),,2016,6.97
European Union (27),,2017,7.36
European Union (27),,2018,7.95
European Union (27),,2019,8.38
European Union (27),,2020,9.04
European Union (27),,2021,9.67
European Union (27),,2022,10.21
Falkland Islands,FLK,2008,36.8
Falkland Islands,FLK,2009,35.22
Falkland Islands,FLK,2010,35.94
Falkland Islands,FLK,2011,34.88
Falkland Islands,FLK,2012,35.76
Falkland Islands,FLK,2013,36.01
Falkland Islands,FLK,2014,36.18
Falkland Islands,FLK,2015,17.49
Falkland Islands,FLK,2016,12.07
Falkland Islands,FLK,2017,2.8
Falkland Islands,FLK,2018,2.8
Falkland Islands,FLK,2019,2.83
Falkland Islands,FLK,2020,2.81
Falkland Islands,FLK,2021,2.83
Falkland Islands,FLK,2022,2.81
Faroe Islands,FRO,2009,0.01
Faroe Islands,FRO,2010,0.26
Faroe Islands,FRO,2011,0.26
Faroe Islands,FRO,2012,0.26
Faroe Islands,FRO,2013,0.26
Faroe Islands,FRO,2014,0.26
Faroe Islands,FRO,2015,0.26
Faroe Islands,FRO,2016,0.26
Faroe Islands,FRO,2017,0.26
Faroe Islands,FRO,2018,0.26
Faroe Islands,FRO,2019,0.26
Faroe Islands,FRO,2020,0.26
Faroe Islands,FRO,2021,0.26
Faroe Islands,FRO,2022,0.26
Fiji,FJI,2005,0.03
Fiji,FJI,2006,0.03
Fiji,FJI,2007,0.03
Fiji,FJI,2008,0.03
Fiji,FJI,2009,0.03
Fiji,FJI,2010,0.03
Fiji,FJI,2011,0.63
Fiji,FJI,2012,0.69
Fiji,FJI,2013,0.68
Fiji,FJI,2014,2.91
Fiji,FJI,2015,3.45
Fiji,FJI,2016,4.26
Fiji,FJI,2017,5.28
Fiji,FJI,2018,13.13
Fiji,FJI,2019,7.23
Fiji,FJI,2020,6.19
Fiji,FJI,2021,9.69
Fiji,FJI,2022,6.13
Finland,FIN,2004,7.19
Finland,FIN,2005,6.46
Finland,FIN,2006,6.3
Finland,FIN,2007,6.49
Finland,FIN,2008,6.58
Finland,FIN,2009,7.23
Finland,FIN,2010,7.37
Finland,FIN,2011,8.22
Finland,FIN,2012,8.66
Finland,FIN,2013,9.12
Finland,FIN,2014,9.31
Finland,FIN,2015,9.9
Finland,FIN,2016,10.47
Finland,FIN,2017,11.4
Finland,FIN,2018,13.09
Finland,FIN,2019,13.48
Finland,FIN,2020,13.93
Finland,FIN,2021,16.11
Finland,FIN,2022,14.98
France,FRA,2004,1.81
France,FRA,2005,1.87
France,FRA,2006,1.89
France,FRA,2007,1.91
France,FRA,2008,2
France,FRA,2009,2.33
France,FRA,2010,2.92
France,FRA,2011,3.37
France,FRA,2012,3.57
France,FRA,2013,3.69
France,FRA,2014,3.89
France,FRA,2015,4.61
France,FRA,2016,5.35
France,FRA,2017,6.08
France,FRA,2018,7.1
France,FRA,2019,7.86
France,FRA,2020,8.82
France,FRA,2021,9.73
France,FRA,2022,10.16
French Guiana,GUF,2008,10.08
French Guiana,GUF,2009,11.2
French Guiana,GUF,2010,6.28
French Guiana,GUF,2011,8.18
French Guiana,GUF,2012,8.17
French Guiana,GUF,2013,9.41
French Guiana,GUF,2014,6.54
French Guiana,GUF,2015,8.77
French Guiana,GUF,2016,9.5
French Guiana,GUF,2017,9.41
French Guiana,GUF,2018,9.11
French Guiana,GUF,2019,11.29
French Guiana,GUF,2020,9.92
French Guiana,GUF,2021,10.66
French Guiana,GUF,2022,9.58
French Polynesia,PYF,2010,3.89
French Polynesia,PYF,2011,0.22
French Polynesia,PYF,2012,5.49
French Polynesia,PYF,2013,5.49
French Polynesia,PYF,2014,0.2
French Polynesia,PYF,2015,0.37
French Polynesia,PYF,2016,31.21
French Polynesia,PYF,2017,3.23
French Polynesia,PYF,2018,3.33
French Polynesia,PYF,2019,3.57
French Polynesia,PYF,2020,0.54
French Polynesia,PYF,2021,3.28
French Polynesia,PYF,2022,0.8
Gambia,GMB,2006,0.02
Gambia,GMB,2007,0.02
Gambia,GMB,2017,0
Gambia,GMB,2018,0
Gambia,GMB,2019,0.01
Georgia,GEO,2005,0
Georgia,GEO,2006,0.01
Georgia,GEO,2007,0.01
Georgia,GEO,2008,0.01
Georgia,GEO,2009,0.05
Georgia,GEO,2010,0.06
Georgia,GEO,2011,0.08
Georgia,GEO,2012,0.08
Georgia,GEO,2013,0.08
Georgia,GEO,2014,0.05
Georgia,GEO,2015,0.06
Georgia,GEO,2016,0.06
Georgia,GEO,2017,0.06
Georgia,GEO,2018,0.06
Georgia,GEO,2019,0.06
Georgia,GEO,2020,0.07
Georgia,GEO,2021,0.18
Georgia,GEO,2022,0.22
Germany,DEU,2004,4.51
Germany,DEU,2005,4.74
Germany,DEU,2006,4.87
Germany,DEU,2007,5.11
Germany,DEU,2008,5.36
Germany,DEU,2009,5.61
Germany,DEU,2010,5.93
Germany,DEU,2011,6.07
Germany,DEU,2012,6.2
Germany,DEU,2013,6.26
Germany,DEU,2014,6.27
Germany,DEU,2015,6.51
Germany,DEU,2016,6.82
Germany,DEU,2017,6.82
Germany,DEU,2018,7.34
Germany,DEU,2019,7.75
Germany,DEU,2020,9.6
Germany,DEU,2021,9.65
Germany,DEU,2022,9.67
Ghana,GHA,2005,0.14
Ghana,GHA,2006,0.19
Ghana,GHA,2007,0.2
Ghana,GHA,2008,0.22
Ghana,GHA,2009,0.24
Ghana,GHA,2010,0.1
Ghana,GHA,2011,0.16
Ghana,GHA,2012,0.23
Ghana,GHA,2013,0.23
Ghana,GHA,2014,0.13
Ghana,GHA,2015,0.19
Ghana,GHA,2016,0.17
Ghana,GHA,2017,0.13
Ghana,GHA,2018,0.24
Ghana,GHA,2019,0.25
Ghana,GHA,2020,0.58
Ghana,GHA,2021,0.3
Ghana,GHA,2022,0.57
Greece,GRC,2004,3.09
Greece,GRC,2005,3.61
Greece,GRC,2006,3.84
Greece,GRC,2007,2.86
Greece,GRC,2008,4.15
Greece,GRC,2009,4.32
Greece,GRC,2010,4.14
Greece,GRC,2011,2.78
Greece,GRC,2012,6.35
Greece,GRC,2013,5.36
Greece,GRC,2014,5.85
Greece,GRC,2015,6.57
Greece,GRC,2016,5.58
Greece,GRC,2017,6.77
Greece,GRC,2018,8.29
Greece,GRC,2019,9.02
Greece,GRC,2020,9.51
Greece,GRC,2021,9.36
Greece,GRC,2022,16.19
Grenada,GRD,2009,0.4
Grenada,GRD,2010,0.9
Grenada,GRD,2011,0.9
Grenada,GRD,2012,1.13
Grenada,GRD,2013,1.13
Grenada,GRD,2014,1.13
Grenada,GRD,2015,1.13
Grenada,GRD,2016,1.13
Grenada,GRD,2017,1.13
Grenada,GRD,2018,1
Grenada,GRD,2019,1
Grenada,GRD,2020,1
Grenada,GRD,2021,2.44
Grenada,GRD,2022,1.3
Guadeloupe,GLP,2008,0.12
Guadeloupe,GLP,2009,0.14
Guadeloupe,GLP,2010,0.05
Guadeloupe,GLP,2011,0.27
Guadeloupe,GLP,2012,0.26
Guadeloupe,GLP,2013,0.3
Guadeloupe,GLP,2014,0.13
Guadeloupe,GLP,2015,0.18
Guadeloupe,GLP,2016,0.3
Guadeloupe,GLP,2017,0.34
Guadeloupe,GLP,2018,0.47
Guadeloupe,GLP,2019,0.83
Guadeloupe,GLP,2020,1.67
Guadeloupe,GLP,2021,2.55
Guadeloupe,GLP,2022,3.01
Guatemala,GTM,2005,0.27
Guatemala,GTM,2006,0.28
Guatemala,GTM,2007,0.16
Guatemala,GTM,2008,0.16
Guatemala,GTM,2009,0.3
Guatemala,GTM,2010,0.31
Guatemala,GTM,2011,0.31
Guatemala,GTM,2012,0.31
Guatemala,GTM,2013,0.32
Guatemala,GTM,2014,0.31
Guatemala,GTM,2015,0.3
Guatemala,GTM,2016,0.3
Guatemala,GTM,2017,0.3
Guatemala,GTM,2018,0.31
Guatemala,GTM,2019,1.92
Guatemala,GTM,2020,1.89
Guatemala,GTM,2021,1.55
Guatemala,GTM,2022,1.52
Guinea,GIN,2018,0
Guinea,GIN,2019,0.01
Guinea-Bissau,GNB,2007,0.78
Guinea-Bissau,GNB,2008,0.77
Guinea-Bissau,GNB,2013,0.23
Guinea-Bissau,GNB,2014,0.23
Guinea-Bissau,GNB,2015,0.43
Guinea-Bissau,GNB,2016,0.09
Guinea-Bissau,GNB,2017,0.1
Guinea-Bissau,GNB,2018,0.1
Guinea-Bissau,GNB,2019,0.1
Guinea-Bissau,GNB,2020,1.2
Guyana,GUY,2005,0.01
Guyana,GUY,2006,0.01
Guyana,GUY,2007,0.01
Guyana,GUY,2008,0.01
Guyana,GUY,2009,0.4
Guyana,GUY,2010,0.4
Guyana,GUY,2011,0.4
Guyana,GUY,2012,0.4
Haiti,HTI,2009,0
Haiti,HTI,2010,0.01
Haiti,HTI,2011,0.05
Haiti,HTI,2012,0.04
Haiti,HTI,2013,0.14
Haiti,HTI,2014,0.14
Haiti,HTI,2015,0.22
Haiti,HTI,2016,0.29
Haiti,HTI,2017,0.28
Haiti,HTI,2018,0.22
Haiti,HTI,2019,0.19
Haiti,HTI,2020,0.16
Haiti,HTI,2021,0.15
Haiti,HTI,2022,0.21
Honduras,HND,2005,0.06
Honduras,HND,2006,0.24
Honduras,HND,2007,0.26
Honduras,HND,2008,0.27
Honduras,HND,2009,0.37
Honduras,HND,2010,0.55
Honduras,HND,2011,0.6
Honduras,HND,2012,0.63
Honduras,HND,2013,0.74
Honduras,HND,2014,0.74
Honduras,HND,2015,0.8
Honduras,HND,2016,0.84
Honduras,HND,2017,0.84
Honduras,HND,2018,0.83
Honduras,HND,2019,0.83
Honduras,HND,2020,1.87
Honduras,HND,2021,1.85
Honduras,HND,2022,1.85
Hungary,HUN,2004,2.19
Hungary,HUN,2005,2.11
Hungary,HUN,2006,2.02
Hungary,HUN,2007,2
Hungary,HUN,2008,2.02
Hungary,HUN,2009,2.43
Hungary,HUN,2010,2.39
Hungary,HUN,2011,2.33
Hungary,HUN,2012,2.45
Hungary,HUN,2013,2.49
Hungary,HUN,2014,2.37
Hungary,HUN,2015,2.46
Hungary,HUN,2016,3.53
Hungary,HUN,2017,3.77
Hungary,HUN,2018,3.95
Hungary,HUN,2019,5.74
Hungary,HUN,2020,6.13
Hungary,HUN,2021,5.82
Hungary,HUN,2022,6.42
Iceland,ISL,2005,0.27
Iceland,ISL,2006,0.27
Iceland,ISL,2007,0.33
Iceland,ISL,2008,0.37
Iceland,ISL,2009,0.36
Iceland,ISL,2010,0.31
Iceland,ISL,2011,0.44
Iceland,ISL,2012,0.44
Iceland,ISL,2013,0.44
Iceland,ISL,2014,0.44
Iceland,ISL,2015,0.52
Iceland,ISL,2016,0.54
Iceland,ISL,2017,0.54
Iceland,ISL,2018,0.49
Iceland,ISL,2019,0.49
Iceland,ISL,2020,0.32
Iceland,ISL,2021,0.32
Iceland,ISL,2022,0.32
India,IND,2005,0.1
India,IND,2006,0.24
India,IND,2007,0.57
India,IND,2008,0.57
India,IND,2009,0.66
India,IND,2010,0.43
India,IND,2011,0.6
India,IND,2012,0.28
India,IND,2013,0.28
India,IND,2014,0.4
India,IND,2015,0.66
India,IND,2016,0.83
India,IND,2017,0.99
India,IND,2018,1.08
India,IND,2019,1.28
India,IND,2020,1.49
India,IND,2021,1.49
India,IND,2022,2.65
Indonesia,IDN,2005,0.04
Indonesia,IDN,2006,0.08
Indonesia,IDN,2007,0.12
Indonesia,IDN,2008,0.09
Indonesia,IDN,2009,0.09
Indonesia,IDN,2010,0.14
Indonesia,IDN,2011,0.15
Indonesia,IDN,2012,0.17
Indonesia,IDN,2013,0.13
Indonesia,IDN,2014,0.22
Indonesia,IDN,2015,0.25
Indonesia,IDN,2016,0.24
Indonesia,IDN,2017,0.38
Indonesia,IDN,2018,0.45
Indonesia,IDN,2019,0.45
Indonesia,IDN,2020,0.14
Indonesia,IDN,2021,0.15
Indonesia,IDN,2022,0.15
Iran,IRN,2008,0.03
Iran,IRN,2009,0.02
Iran,IRN,2010,0.02
Iran,IRN,2011,0.09
Iran,IRN,2012,0.09
Iran,IRN,2013,0.03
Iran,IRN,2014,0.03
Iran,IRN,2015,0.03
Iran,IRN,2016,0.04
Iran,IRN,2017,0.03
Iran,IRN,2018,0.03
Iran,IRN,2019,0.03
Iran,IRN,2020,0.03
Iran,IRN,2021,0.01
Iran,IRN,2022,0.01
Iraq,IRQ,2013,0
Iraq,IRQ,2014,0
Iraq,IRQ,2015,0
Iraq,IRQ,2016,0
Iraq,IRQ,2017,0
Iraq,IRQ,2018,0
Iraq,IRQ,2019,0
Iraq,IRQ,2020,0
Iraq,IRQ,2021,0
Iraq,IRQ,2022,0
Ireland,IRL,2004,0.71
Ireland,IRL,2005,0.81
Ireland,IRL,2006,0.88
Ireland,IRL,2007,0.96
Ireland,IRL,2008,0.92
Ireland,IRL,2009,1.04
Ireland,IRL,2010,1.05
Ireland,IRL,2011,1.19
Ireland,IRL,2012,1.16
Ireland,IRL,2013,1.26
Ireland,IRL,2014,1.16
Ireland,IRL,2015,1.65
Ireland,IRL,2016,1.72
Ireland,IRL,2017,1.66
Ireland,IRL,2018,2.63
Ireland,IRL,2019,1.63
Ireland,IRL,2020,1.65
Ireland,IRL,2021,2
Ireland,IRL,2022,2.27
Israel,ISR,2007,1.1
Israel,ISR,2008,1.11
Israel,ISR,2009,1.34
Israel,ISR,2010,1.74
Israel,ISR,2011,1.37
Israel,ISR,2012,1.39
Israel,ISR,2013,1.1
Israel,ISR,2014,0.86
Israel,ISR,2015,0.77
Israel,ISR,2016,0.8
Israel,ISR,2017,0.89
Israel,ISR,2018,0.9
Israel,ISR,2019,0.83
Israel,ISR,2020,0.84
Israel,ISR,2021,0.81
Israel,ISR,2022,0.74
Italy,ITA,2004,6.41
Italy,ITA,2005,7.24
Italy,ITA,2006,8.08
Italy,ITA,2007,8.12
Italy,ITA,2008,6.93
Italy,ITA,2009,7.91
Italy,ITA,2010,7.78
Italy,ITA,2011,7.92
Italy,ITA,2012,8.5
Italy,ITA,2013,9.66
Italy,ITA,2014,10.55
Italy,ITA,2015,11.53
Italy,ITA,2016,14.02
Italy,ITA,2017,14.88
Italy,ITA,2018,15.78
Italy,ITA,2019,15.19
Italy,ITA,2020,16.74
Italy,ITA,2021,17.63
Italy,ITA,2022,18.08
Jamaica,JAM,2005,0.08
Jamaica,JAM,2006,0.09
Jamaica,JAM,2007,0.09
Jamaica,JAM,2008,0.11
Jamaica,JAM,2009,0.12
Jamaica,JAM,2010,0.13
Jamaica,JAM,2011,0.13
Jamaica,JAM,2012,0.13
Jamaica,JAM,2013,0.13
Jamaica,JAM,2014,0.01
Jamaica,JAM,2015,0.04
Jamaica,JAM,2016,0.09
Jamaica,JAM,2017,0.09
Jamaica,JAM,2018,0.09
Jamaica,JAM,2019,0.09
Jamaica,JAM,2020,0
Jamaica,JAM,2021,0
Jamaica,JAM,2022,0.01
Japan,JPN,2007,0.13
Japan,JPN,2008,0.18
Japan,JPN,2009,0.18
Japan,JPN,2010,0.18
Japan,JPN,2011,0.19
Japan,JPN,2012,0.22
Japan,JPN,2013,0.22
Japan,JPN,2014,0.22
Japan,JPN,2015,0.21
Japan,JPN,2016,0.21
Japan,JPN,2017,0.21
Japan,JPN,2018,0.23
Japan,JPN,2019,0.23
Japan,JPN,2020,0.26
Japan,JPN,2021,0.26
Japan,JPN,2022,0.33
Jordan,JOR,2005,0
Jordan,JOR,2006,0.1
Jordan,JOR,2007,0.11
Jordan,JOR,2008,0.11
Jordan,JOR,2009,0.1
Jordan,JOR,2010,0.15
Jordan,JOR,2011,0.26
Jordan,JOR,2012,0.28
Jordan,JOR,2013,0.27
Jordan,JOR,2014,0.23
Jordan,JOR,2015,0.16
Jordan,JOR,2016,0.14
Jordan,JOR,2017,0.14
Jordan,JOR,2018,0.14
Jordan,JOR,2019,0.14
Jordan,JOR,2020,0.14
Jordan,JOR,2021,0.14
Jordan,JOR,2022,0.16
Kazakhstan,KAZ,2008,0.07
Kazakhstan,KAZ,2009,0.06
Kazakhstan,KAZ,2010,0.06
Kazakhstan,KAZ,2011,0.09
Kazakhstan,KAZ,2012,0.13
Kazakhstan,KAZ,2013,0.13
Kazakhstan,KAZ,2014,0.13
Kazakhstan,KAZ,2015,0.14
Kazakhstan,KAZ,2016,0.14
Kazakhstan,KAZ,2017,0.13
Kazakhstan,KAZ,2018,0.09
Kazakhstan,KAZ,2019,0.14
Kazakhstan,KAZ,2020,0.05
Kazakhstan,KAZ,2021,0.05
Kazakhstan,KAZ,2022,0.05
Kenya,KEN,2005,0.01
Kenya,KEN,2006,0.01
Kenya,KEN,2007,0.02
Kenya,KEN,2008,0.02
Kenya,KEN,2009,0.02
Kenya,KEN,2010,0.02
Kenya,KEN,2011,0.02
Kenya,KEN,2012,0.02
Kenya,KEN,2013,0.02
Kenya,KEN,2014,0.02
Kenya,KEN,2015,0.53
Kenya,KEN,2016,0.54
Kenya,KEN,2017,0.63
Kenya,KEN,2018,0.54
Kenya,KEN,2019,0.54
Kenya,KEN,2020,0.44
Kenya,KEN,2021,0.45
Kenya,KEN,2022,0.63
Kiribati,KIR,2014,4.71
Kiribati,KIR,2015,4.71
Kiribati,KIR,2016,4.71
Kiribati,KIR,2017,4.71
Kiribati,KIR,2018,4.71
Kuwait,KWT,2015,0.01
Kuwait,KWT,2016,0.01
Kuwait,KWT,2017,0.01
Kuwait,KWT,2018,0.01
Kuwait,KWT,2019,0.02
Kuwait,KWT,2020,0.02
Kuwait,KWT,2021,0.02
Kuwait,KWT,2022,0.02
Kyrgyzstan,KGZ,2005,0
Kyrgyzstan,KGZ,2006,0.02
Kyrgyzstan,KGZ,2007,0.14
Kyrgyzstan,KGZ,2008,0.09
Kyrgyzstan,KGZ,2009,0.11
Kyrgyzstan,KGZ,2010,0.14
Kyrgyzstan,KGZ,2011,0.14
Kyrgyzstan,KGZ,2012,0.03
Kyrgyzstan,KGZ,2013,0.03
Kyrgyzstan,KGZ,2014,0.07
Kyrgyzstan,KGZ,2015,0.07
Kyrgyzstan,KGZ,2016,0.08
Kyrgyzstan,KGZ,2017,0.18
Kyrgyzstan,KGZ,2018,0.21
Kyrgyzstan,KGZ,2019,0.18
Kyrgyzstan,KGZ,2020,0.29
Kyrgyzstan,KGZ,2021,0.29
Kyrgyzstan,KGZ,2022,0.27
Land Locked Developing Countries (FAO),,2005,0.03
Land Locked Developing Countries (FAO),,2006,0.06
Land Locked Developing Countries (FAO),,2007,0.08
Land Locked Developing Countries (FAO),,2008,0.08
Land Locked Developing Countries (FAO),,2009,0.09
Land Locked Developing Countries (FAO),,2010,0.1
Land Locked Developing Countries (FAO),,2011,0.11
Land Locked Developing Countries (FAO),,2012,0.12
Land Locked Developing Countries (FAO),,2013,0.12
Land Locked Developing Countries (FAO),,2014,0.12
Land Locked Developing Countries (FAO),,2015,0.13
Land Locked Developing Countries (FAO),,2016,0.13
Land Locked Developing Countries (FAO),,2017,0.13
Land Locked Developing Countries (FAO),,2018,0.12
Land Locked Developing Countries (FAO),,2019,0.15
Land Locked Developing Countries (FAO),,2020,0.14
Land Locked Developing Countries (FAO),,2021,0.18
Land Locked Developing Countries (FAO),,2022,0.17
Laos,LAO,2008,0.09
Laos,LAO,2009,0.24
Laos,LAO,2010,0.27
Laos,LAO,2011,0.27
Laos,LAO,2012,0.27
Laos,LAO,2013,0.28
Laos,LAO,2014,0.26
Laos,LAO,2015,0.06
Laos,LAO,2016,0.32
Laos,LAO,2017,0.33
Laos,LAO,2018,0.33
Laos,LAO,2019,0.4
Laos,LAO,2020,0.15
Laos,LAO,2021,0.36
Laos,LAO,2022,0.51
Latvia,LVA,2004,1.59
Latvia,LVA,2005,6.84
Latvia,LVA,2006,9.44
Latvia,LVA,2007,8.05
Latvia,LVA,2008,8.77
Latvia,LVA,2009,8.74
Latvia,LVA,2010,9.09
Latvia,LVA,2011,10.14
Latvia,LVA,2012,10.63
Latvia,LVA,2013,9.96
Latvia,LVA,2014,10.87
Latvia,LVA,2015,12.29
Latvia,LVA,2016,13.42
Latvia,LVA,2017,13.91
Latvia,LVA,2018,14.47
Latvia,LVA,2019,14.79
Latvia,LVA,2020,14.78
Latvia,LVA,2021,15.34
Latvia,LVA,2022,15.88
Least Developed Countries (FAO),,2004,0.06
Least Developed Countries (FAO),,2005,0.1
Least Developed Countries (FAO),,2006,0.12
Least Developed Countries (FAO),,2007,0.13
Least Developed Countries (FAO),,2008,0.13
Least Developed Countries (FAO),,2009,0.14
Least Developed Countries (FAO),,2010,0.09
Least Developed Countries (FAO),,2011,0.09
Least Developed Countries (FAO),,2012,0.1
Least Developed Countries (FAO),,2013,0.1
Least Developed Countries (FAO),,2014,0.12
Least Developed Countries (FAO),,2015,0.15
Least Developed Countries (FAO),,2016,0.15
Least Developed Countries (FAO),,2017,0.17
Least Developed Countries (FAO),,2018,0.16
Least Developed Countries (FAO),,2019,0.18
Least Developed Countries (FAO),,2020,0.2
Least Developed Countries (FAO),,2021,0.24
Least Developed Countries (FAO),,2022,0.25
Lebanon,LBN,2004,0.13
Lebanon,LBN,2005,0.38
Lebanon,LBN,2006,0.32
Lebanon,LBN,2007,0.29
Lebanon,LBN,2008,0.33
Lebanon,LBN,2009,0.45
Lebanon,LBN,2010,0.19
Lebanon,LBN,2011,0.51
Lebanon,LBN,2012,0.5
Lebanon,LBN,2013,0.39
Lebanon,LBN,2014,0.16
Lebanon,LBN,2015,0.18
Lebanon,LBN,2016,0.16
Lebanon,LBN,2017,0.2
Lebanon,LBN,2018,0.18
Lebanon,LBN,2019,0.23
Lebanon,LBN,2020,0.25
Lebanon,LBN,2021,0.25
Lebanon,LBN,2022,0.22
Lesotho,LSO,2008,0.02
Lesotho,LSO,2009,0.01
Lesotho,LSO,2011,0.01
Lesotho,LSO,2012,0.03
Lesotho,LSO,2013,0.02
Lesotho,LSO,2014,0.02
Lesotho,LSO,2015,0.02
Lesotho,LSO,2016,0.02
Lesotho,LSO,2018,0
Liberia,LBR,2018,0
Liberia,LBR,2019,0
Liberia,LBR,2021,0.15
Liberia,LBR,2022,0.14
Liechtenstein,LIE,2005,15.67
Liechtenstein,LIE,2006,16
Liechtenstein,LIE,2007,17.97
Liechtenstein,LIE,2008,18.36
Liechtenstein,LIE,2009,17.06
Liechtenstein,LIE,2010,17.8
Liechtenstein,LIE,2011,19.46
Liechtenstein,LIE,2012,19.74
Liechtenstein,LIE,2013,21.35
Liechtenstein,LIE,2014,21.76
Liechtenstein,LIE,2015,21.26
Liechtenstein,LIE,2016,26.54
Liechtenstein,LIE,2017,26.83
Liechtenstein,LIE,2018,27.28
Liechtenstein,LIE,2019,28.43
Liechtenstein,LIE,2020,28.83
Liechtenstein,LIE,2021,27.52
Liechtenstein,LIE,2022,30.08
Lithuania,LTU,2004,1.48
Lithuania,LTU,2005,2.43
Lithuania,LTU,2006,3.47
Lithuania,LTU,2007,4.47
Lithuania,LTU,2008,4.57
Lithuania,LTU,2009,4.8
Lithuania,LTU,2010,5.18
Lithuania,LTU,2011,5.43
Lithuania,LTU,2012,5.51
Lithuania,LTU,2013,5.65
Lithuania,LTU,2014,5.57
Lithuania,LTU,2015,7.11
Lithuania,LTU,2016,7.51
Lithuania,LTU,2017,7.98
Lithuania,LTU,2018,8.13
Lithuania,LTU,2019,8.14
Lithuania,LTU,2020,8
Lithuania,LTU,2021,8.91
Lithuania,LTU,2022,9.32
Low Income Food Deficit Countries (FAO),,2004,0.06
Low Income Food Deficit Countries (FAO),,2005,0.1
Low Income Food Deficit Countries (FAO),,2006,0.12
Low Income Food Deficit Countries (FAO),,2007,0.14
Low Income Food Deficit Countries (FAO),,2008,0.13
Low Income Food Deficit Countries (FAO),,2009,0.14
Low Income Food Deficit Countries (FAO),,2010,0.09
Low Income Food Deficit Countries (FAO),,2011,0.09
Low Income Food Deficit Countries (FAO),,2012,0.1
Low Income Food Deficit Countries (FAO),,2013,0.1
Low Income Food Deficit Countries (FAO),,2014,0.12
Low Income Food Deficit Countries (FAO),,2015,0.17
Low Income Food Deficit Countries (FAO),,2016,0.17
Low Income Food Deficit Countries (FAO),,2017,0.18
Low Income Food Deficit Countries (FAO),,2018,0.17
Low Income Food Deficit Countries (FAO),,2019,0.19
Low Income Food Deficit Countries (FAO),,2020,0.21
Low Income Food Deficit Countries (FAO),,2021,0.25
Low Income Food Deficit Countries (FAO),,2022,0.26
Luxembourg,LUX,2005,2.48
Luxembourg,LUX,2006,2.79
Luxembourg,LUX,2007,2.71
Luxembourg,LUX,2008,3.12
Luxembourg,LUX,2009,2.59
Luxembourg,LUX,2010,2.65
Luxembourg,LUX,2011,2.61
Luxembourg,LUX,2012,3.12
Luxembourg,LUX,2013,3.44
Luxembourg,LUX,2014,3.43
Luxembourg,LUX,2015,3.22
Luxembourg,LUX,2016,3.47
Luxembourg,LUX,2017,4.15
Luxembourg,LUX,2018,4.4
Luxembourg,LUX,2019,4.42
Luxembourg,LUX,2020,4.63
Luxembourg,LUX,2021,5.19
Luxembourg,LUX,2022,6.23
Madagascar,MDG,2005,0.01
Madagascar,MDG,2006,0.02
Madagascar,MDG,2007,0.02
Madagascar,MDG,2008,0.05
Madagascar,MDG,2009,0.03
Madagascar,MDG,2010,0.05
Madagascar,MDG,2011,0.07
Madagascar,MDG,2012,0.07
Madagascar,MDG,2013,0.07
Madagascar,MDG,2014,0.07
Madagascar,MDG,2015,0.3
Madagascar,MDG,2016,0.15
Madagascar,MDG,2017,0.16
Madagascar,MDG,2018,0.12
Madagascar,MDG,2019,0.19
Madagascar,MDG,2020,0.25
Madagascar,MDG,2021,0.23
Madagascar,MDG,2022,0.28
Malawi,MWI,2005,0.01
Malawi,MWI,2006,0.01
Malawi,MWI,2007,0.01
Malawi,MWI,2008,0.01
Malawi,MWI,2009,0.02
Malawi,MWI,2010,0.01
Malawi,MWI,2011,0
Malawi,MWI,2012,0
Malawi,MWI,2013,0
Malawi,MWI,2014,0
Malawi,MWI,2015,0
Malawi,MWI,2016,0.21
Malawi,MWI,2017,0.21
Malawi,MWI,2018,0.21
Malawi,MWI,2019,0.21
Malawi,MWI,2020,0
Malawi,MWI,2021,0.01
Malawi,MWI,2022,0.01
Malaysia,MYS,2005,0.02
Malaysia,MYS,2006,0.03
Malaysia,MYS,2007,0.02
Malaysia,MYS,2008,0.02
Malaysia,MYS,2009,0.02
Malaysia,MYS,2010,0.02
Malaysia,MYS,2011,0.02
Malaysia,MYS,2012,0.01
Malaysia,MYS,2013,0.01
Malaysia,MYS,2014,0.01
Malaysia,MYS,2015,0.01
Malaysia,MYS,2016,0.01
Malaysia,MYS,2017,0.01
Malaysia,MYS,2018,0.11
Malaysia,MYS,2019,0.01
Malaysia,MYS,2020,0.01
Malaysia,MYS,2021,0.01
Malaysia,MYS,2022,0.02
Mali,MLI,2005,0.04
Mali,MLI,2006,0.01
Mali,MLI,2007,0.01
Mali,MLI,2008,0.02
Mali,MLI,2009,0.05
Mali,MLI,2010,0.04
Mali,MLI,2011,0.04
Mali,MLI,2012,0.04
Mali,MLI,2013,0.01
Mali,MLI,2014,0.03
Mali,MLI,2015,0.03
Mali,MLI,2016,0.03
Mali,MLI,2017,0.03
Mali,MLI,2018,0.03
Mali,MLI,2019,0.03
Mali,MLI,2020,0.03
Mali,MLI,2021,0.04
Mali,MLI,2022,0.04
Malta,MLT,2005,0.11
Malta,MLT,2006,0.22
Malta,MLT,2007,0.11
Malta,MLT,2008,0.11
Malta,MLT,2009,0.32
Malta,MLT,2010,0.29
Malta,MLT,2011,0.29
Malta,MLT,2012,0.29
Malta,MLT,2013,0.1
Malta,MLT,2014,0.1
Malta,MLT,2015,0.29
Malta,MLT,2016,0.29
Malta,MLT,2017,0.29
Malta,MLT,2018,0.45
Malta,MLT,2019,0.53
Malta,MLT,2020,0.74
Malta,MLT,2021,0.74
Malta,MLT,2022,0.75
Martinique,MTQ,2008,0.5
Martinique,MTQ,2009,0.37
Martinique,MTQ,2010,0.52
Martinique,MTQ,2011,0.85
Martinique,MTQ,2012,0.6
Martinique,MTQ,2013,0.77
Martinique,MTQ,2014,0.74
Martinique,MTQ,2015,0.91
Martinique,MTQ,2016,1
Martinique,MTQ,2017,1.29
Martinique,MTQ,2018,1.37
Martinique,MTQ,2019,2.22
Martinique,MTQ,2020,2.56
Martinique,MTQ,2021,2.76
Martinique,MTQ,2022,3.36
Mauritius,MUS,2009,0.01
Mauritius,MUS,2010,0.04
Mauritius,MUS,2011,0.03
Mauritius,MUS,2012,0.03
Mauritius,MUS,2013,0.03
Mauritius,MUS,2014,0.03
Mauritius,MUS,2015,0.03
Mauritius,MUS,2016,0.03
Mauritius,MUS,2017,0.02
Mauritius,MUS,2018,0
Mauritius,MUS,2019,0.01
Mauritius,MUS,2020,0.01
Mauritius,MUS,2021,0.01
Mauritius,MUS,2022,0.01
Mayotte,MYT,2013,0.25
Mayotte,MYT,2014,0.25
Mayotte,MYT,2015,0.04
Mayotte,MYT,2017,0.21
Mayotte,MYT,2018,0.18
Mayotte,MYT,2019,0.21
Mayotte,MYT,2020,0.89
Mayotte,MYT,2021,1.92
Mayotte,MYT,2022,3.63
Melanesia,OWID_MNS,2005,0.01
Melanesia,OWID_MNS,2006,0.76
Melanesia,OWID_MNS,2007,0.74
Melanesia,OWID_MNS,2008,0.74
Melanesia,OWID_MNS,2009,0.77
Melanesia,OWID_MNS,2010,0.35
Melanesia,OWID_MNS,2011,0.8
Melanesia,OWID_MNS,2012,0.93
Melanesia,OWID_MNS,2013,1.36
Melanesia,OWID_MNS,2014,1.96
Melanesia,OWID_MNS,2015,1.99
Melanesia,OWID_MNS,2016,2.2
Melanesia,OWID_MNS,2017,2.23
Melanesia,OWID_MNS,2018,5.48
Melanesia,OWID_MNS,2019,2.74
Melanesia,OWID_MNS,2020,4.44
Melanesia,OWID_MNS,2021,6.05
Melanesia,OWID_MNS,2022,2.24
Mexico,MEX,2005,0.29
Mexico,MEX,2006,0.29
Mexico,MEX,2007,0.37
Mexico,MEX,2008,0.32
Mexico,MEX,2009,0.32
Mexico,MEX,2010,0.33
Mexico,MEX,2011,0.36
Mexico,MEX,2012,0.48
Mexico,MEX,2013,0.5
Mexico,MEX,2014,0.51
Mexico,MEX,2015,0.59
Mexico,MEX,2016,0.69
Mexico,MEX,2017,0.7
Mexico,MEX,2018,0.19
Mexico,MEX,2019,0.31
Mexico,MEX,2020,0.22
Mexico,MEX,2021,0.25
Mexico,MEX,2022,0.45
Micronesia (FAO),,2014,2.27
Micronesia (FAO),,2015,2.31
Micronesia (FAO),,2016,2.31
Micronesia (FAO),,2017,2.31
Micronesia (FAO),,2018,2.38
Middle Africa (FAO),,2006,0.01
Middle Africa (FAO),,2007,0.01
Middle Africa (FAO),,2008,0.01
Middle Africa (FAO),,2009,0.01
Middle Africa (FAO),,2010,0.03
Middle Africa (FAO),,2011,0.03
Middle Africa (FAO),,2012,0.04
Middle Africa (FAO),,2013,0.04
Middle Africa (FAO),,2014,0.06
Middle Africa (FAO),,2015,0.07
Middle Africa (FAO),,2016,0.06
Middle Africa (FAO),,2017,0.04
Middle Africa (FAO),,2018,0.05
Middle Africa (FAO),,2019,0.06
Middle Africa (FAO),,2020,0.08
Middle Africa (FAO),,2021,0.06
Middle Africa (FAO),,2022,0.08
Moldova,MDA,2009,1.3
Moldova,MDA,2010,0.22
Moldova,MDA,2011,0.89
Moldova,MDA,2012,0.89
Moldova,MDA,2013,0.89
Moldova,MDA,2014,0.95
Moldova,MDA,2015,1.24
Moldova,MDA,2016,1.3
Moldova,MDA,2017,1.3
Moldova,MDA,2018,0.76
Moldova,MDA,2019,1.23
Moldova,MDA,2020,1.22
Moldova,MDA,2021,1.25
Moldova,MDA,2022,1.28
Mongolia,MNG,2013,0.01
Mongolia,MNG,2018,0
Mongolia,MNG,2019,0
Mongolia,MNG,2020,0
Mongolia,MNG,2021,0
Mongolia,MNG,2022,0
Montenegro,MNE,2008,0.37
Montenegro,MNE,2009,0.89
Montenegro,MNE,2010,0.7
Montenegro,MNE,2011,0.6
Montenegro,MNE,2012,0.6
Montenegro,MNE,2013,1.38
Montenegro,MNE,2014,1.43
Montenegro,MNE,2015,1.43
Montenegro,MNE,2016,1.37
Montenegro,MNE,2017,1.05
Montenegro,MNE,2018,1.73
Montenegro,MNE,2019,1.85
Montenegro,MNE,2020,1.87
Montenegro,MNE,2021,1.72
Montenegro,MNE,2022,1.56
Morocco,MAR,2005,0
Morocco,MAR,2006,0.01
Morocco,MAR,2007,0.01
Morocco,MAR,2008,0.01
Morocco,MAR,2009,0.01
Morocco,MAR,2010,0.06
Morocco,MAR,2011,0.06
Morocco,MAR,2012,0.05
Morocco,MAR,2013,0.03
Morocco,MAR,2014,0.03
Morocco,MAR,2015,0.03
Morocco,MAR,2016,0.03
Morocco,MAR,2017,0.03
Morocco,MAR,2018,0.03
Morocco,MAR,2019,0.03
Morocco,MAR,2020,0.04
Morocco,MAR,2021,0.04
Morocco,MAR,2022,0.06
Mozambique,MOZ,2005,0
Mozambique,MOZ,2006,0
Mozambique,MOZ,2007,0
Mozambique,MOZ,2008,0.01
Mozambique,MOZ,2009,0
Mozambique,MOZ,2010,0.01
Mozambique,MOZ,2011,0.01
Mozambique,MOZ,2012,0.01
Mozambique,MOZ,2013,0.03
Mozambique,MOZ,2014,0.04
Mozambique,MOZ,2015,0.04
Mozambique,MOZ,2016,0.02
Mozambique,MOZ,2017,0.03
Mozambique,MOZ,2018,0.04
Mozambique,MOZ,2019,0.02
Mozambique,MOZ,2020,0.03
Mozambique,MOZ,2021,0.1
Mozambique,MOZ,2022,0.04
Myanmar,MMR,2009,0
Myanmar,MMR,2010,0
Myanmar,MMR,2011,0
Myanmar,MMR,2012,0.01
Myanmar,MMR,2013,0.01
Myanmar,MMR,2014,0.04
Myanmar,MMR,2015,0.04
Myanmar,MMR,2016,0.04
Myanmar,MMR,2017,0.08
Myanmar,MMR,2018,0.09
Myanmar,MMR,2019,0.1
Myanmar,MMR,2020,0.08
Myanmar,MMR,2021,0.08
Myanmar,MMR,2022,0.08
Namibia,NAM,2007,0
Namibia,NAM,2008,0
Namibia,NAM,2009,0
Namibia,NAM,2010,0
Namibia,NAM,2011,0.04
Namibia,NAM,2012,0.04
Namibia,NAM,2013,0.06
Namibia,NAM,2014,0.08
Namibia,NAM,2015,0.08
Namibia,NAM,2016,0.08
Namibia,NAM,2017,0
Namibia,NAM,2018,0
Namibia,NAM,2019,0
Namibia,NAM,2021,0
Namibia,NAM,2022,0
Nepal,NPL,2005,0.02
Nepal,NPL,2006,0.19
Nepal,NPL,2007,0.2
Nepal,NPL,2008,0.2
Nepal,NPL,2009,0.2
Nepal,NPL,2010,0.24
Nepal,NPL,2011,0.24
Nepal,NPL,2012,0.25
Nepal,NPL,2013,0.23
Nepal,NPL,2014,0.23
Nepal,NPL,2015,0.23
Nepal,NPL,2016,0.24
Nepal,NPL,2017,0.24
Nepal,NPL,2018,0.31
Nepal,NPL,2019,0.24
Nepal,NPL,2020,0.25
Nepal,NPL,2021,0.06
Nepal,NPL,2022,0.69
Net Food Importing Developing Countries (FAO),,2004,0.05
Net Food Importing Developing Countries (FAO),,2005,0.09
Net Food Importing Developing Countries (FAO),,2006,0.12
Net Food Importing Developing Countries (FAO),,2007,0.14
Net Food Importing Developing Countries (FAO),,2008,0.14
Net Food Importing Developing Countries (FAO),,2009,0.16
Net Food Importing Developing Countries (FAO),,2010,0.13
Net Food Importing Developing Countries (FAO),,2011,0.13
Net Food Importing Developing Countries (FAO),,2012,0.13
Net Food Importing Developing Countries (FAO),,2013,0.15
Net Food Importing Developing Countries (FAO),,2014,0.16
Net Food Importing Developing Countries (FAO),,2015,0.2
Net Food Importing Developing Countries (FAO),,2016,0.23
Net Food Importing Developing Countries (FAO),,2017,0.25
Net Food Importing Developing Countries (FAO),,2018,0.24
Net Food Importing Developing Countries (FAO),,2019,0.24
Net Food Importing Developing Countries (FAO),,2020,0.27
Net Food Importing Developing Countries (FAO),,2021,0.3
Net Food Importing Developing Countries (FAO),,2022,0.26
Netherlands,NLD,2004,2.47
Netherlands,NLD,2005,2.52
Netherlands,NLD,2006,2.52
Netherlands,NLD,2007,2.46
Netherlands,NLD,2008,2.61
Netherlands,NLD,2009,2.57
Netherlands,NLD,2010,2.45
Netherlands,NLD,2011,2.56
Netherlands,NLD,2012,2.63
Netherlands,NLD,2013,2.46
Netherlands,NLD,2014,2.46
Netherlands,NLD,2015,2.73
Netherlands,NLD,2016,3.01
Netherlands,NLD,2017,3.27
Netherlands,NLD,2018,3.51
Netherlands,NLD,2019,3.75
Netherlands,NLD,2020,3.95
Netherlands,NLD,2021,4.21
Netherlands,NLD,2022,4.44
New Caledonia,NCL,2014,0.22
New Caledonia,NCL,2015,0.22
New Caledonia,NCL,2016,0.24
New Caledonia,NCL,2017,0.05
New Caledonia,NCL,2018,0.05
New Caledonia,NCL,2019,0.43
New Caledonia,NCL,2020,0.43
New Caledonia,NCL,2021,0.43
New Caledonia,NCL,2022,0.43
New Zealand,NZL,2005,0.4
New Zealand,NZL,2006,0.56
New Zealand,NZL,2007,0.56
New Zealand,NZL,2008,0.88
New Zealand,NZL,2009,1.08
New Zealand,NZL,2010,1.09
New Zealand,NZL,2011,1.17
New Zealand,NZL,2012,0.95
New Zealand,NZL,2013,0.96
New Zealand,NZL,2014,0.96
New Zealand,NZL,2015,0.69
New Zealand,NZL,2016,0.7
New Zealand,NZL,2017,0.83
New Zealand,NZL,2018,0.85
New Zealand,NZL,2019,0.86
New Zealand,NZL,2020,0.78
New Zealand,NZL,2021,0.78
New Zealand,NZL,2022,0.81
Nicaragua,NIC,2005,0.97
Nicaragua,NIC,2006,1.15
Nicaragua,NIC,2007,1.37
Nicaragua,NIC,2008,1.38
Nicaragua,NIC,2009,0.66
Nicaragua,NIC,2010,0.67
Nicaragua,NIC,2011,0.66
Nicaragua,NIC,2012,0.66
Nicaragua,NIC,2013,0.66
Nicaragua,NIC,2014,0.66
Nicaragua,NIC,2015,0.66
Nicaragua,NIC,2016,0.66
Nicaragua,NIC,2017,0.66
Nicaragua,NIC,2018,0.68
Nicaragua,NIC,2019,0.84
Nicaragua,NIC,2020,0.77
Nicaragua,NIC,2021,0.73
Nicaragua,NIC,2022,0.61
Niger,NER,2005,0
Niger,NER,2006,0
Niger,NER,2007,0
Niger,NER,2008,0
Niger,NER,2009,0
Niger,NER,2010,0
Niger,NER,2011,0
Niger,NER,2012,0
Niger,NER,2013,0
Niger,NER,2014,0
Niger,NER,2015,0
Niger,NER,2016,0
Niger,NER,2017,0
Niger,NER,2018,0
Niger,NER,2019,0
Nigeria,NGA,2006,0
Nigeria,NGA,2007,0
Nigeria,NGA,2008,0
Nigeria,NGA,2009,0.01
Nigeria,NGA,2010,0.02
Nigeria,NGA,2011,0.01
Nigeria,NGA,2012,0.01
Nigeria,NGA,2013,0
Nigeria,NGA,2014,0.01
Nigeria,NGA,2015,0.01
Nigeria,NGA,2016,0.08
Nigeria,NGA,2017,0.08
Nigeria,NGA,2018,0.08
Nigeria,NGA,2019,0.08
Nigeria,NGA,2020,0.08
Nigeria,NGA,2021,0.08
Nigeria,NGA,2022,0.09
Niue,NIU,2006,4.17
Niue,NIU,2007,4.17
Niue,NIU,2008,4.17
Niue,NIU,2009,4.17
Niue,NIU,2010,4.17
Niue,NIU,2011,1.25
Niue,NIU,2012,1.25
Niue,NIU,2013,1.25
Niue,NIU,2014,3.33
Niue,NIU,2015,1.04
Niue,NIU,2016,3.33
Niue,NIU,2017,3.54
Niue,NIU,2018,0.9
Niue,NIU,2019,0.9
Niue,NIU,2020,0.9
Niue,NIU,2021,2.44
Niue,NIU,2022,2.44
North Macedonia,MKD,2005,0.02
North Macedonia,MKD,2006,0.04
North Macedonia,MKD,2007,0.12
North Macedonia,MKD,2008,0.32
North Macedonia,MKD,2009,0.15
North Macedonia,MKD,2010,0.46
North Macedonia,MKD,2011,0.59
North Macedonia,MKD,2012,0.37
North Macedonia,MKD,2013,0.25
North Macedonia,MKD,2014,0.18
North Macedonia,MKD,2015,0.17
North Macedonia,MKD,2016,0.22
North Macedonia,MKD,2017,0.21
North Macedonia,MKD,2018,0.31
North Macedonia,MKD,2019,0.29
North Macedonia,MKD,2020,0.29
North Macedonia,MKD,2021,0.62
North Macedonia,MKD,2022,0.69
Northern Africa (FAO),,2004,0.26
Northern Africa (FAO),,2005,0.26
Northern Africa (FAO),,2006,0.27
Northern Africa (FAO),,2007,0.27
Northern Africa (FAO),,2008,0.28
Northern Africa (FAO),,2009,0.29
Northern Africa (FAO),,2010,0.11
Northern Africa (FAO),,2011,0.11
Northern Africa (FAO),,2012,0.11
Northern Africa (FAO),,2013,0.11
Northern Africa (FAO),,2014,0.17
Northern Africa (FAO),,2015,0.17
Northern Africa (FAO),,2016,0.2
Northern Africa (FAO),,2017,0.25
Northern Africa (FAO),,2018,0.23
Northern Africa (FAO),,2019,0.22
Northern Africa (FAO),,2020,0.23
Northern Africa (FAO),,2021,0.22
Northern Africa (FAO),,2022,0.2
Northern America (FAO),,2004,0.11
Northern America (FAO),,2005,0.47
Northern America (FAO),,2006,0.38
Northern America (FAO),,2007,0.48
Northern America (FAO),,2008,0.5
Northern America (FAO),,2009,0.56
Northern America (FAO),,2010,0.56
Northern America (FAO),,2011,0.59
Northern America (FAO),,2012,0.59
Northern America (FAO),,2013,0.64
Northern America (FAO),,2014,0.65
Northern America (FAO),,2015,0.63
Northern America (FAO),,2016,0.66
Northern America (FAO),,2017,0.68
Northern America (FAO),,2018,0.7
Northern America (FAO),,2019,0.77
Northern America (FAO),,2020,0.79
Northern America (FAO),,2021,0.75
Northern America (FAO),,2022,0.77
Northern Europe (FAO),,2004,3.68
Northern Europe (FAO),,2005,3.79
Northern Europe (FAO),,2006,3.97
Northern Europe (FAO),,2007,4.44
Northern Europe (FAO),,2008,4.71
Northern Europe (FAO),,2009,5.01
Northern Europe (FAO),,2010,5.24
Northern Europe (FAO),,2011,5.36
Northern Europe (FAO),,2012,5.36
Northern Europe (FAO),,2013,5.35
Northern Europe (FAO),,2014,5.35
Northern Europe (FAO),,2015,5.63
Northern Europe (FAO),,2016,5.92
Northern Europe (FAO),,2017,6.21
Northern Europe (FAO),,2018,6.56
Northern Europe (FAO),,2019,6.59
Northern Europe (FAO),,2020,6.68
Northern Europe (FAO),,2021,7.03
Northern Europe (FAO),,2022,7.11
Norway,NOR,2004,3.94
Norway,NOR,2005,4.15
Norway,NOR,2006,4.35
Norway,NOR,2007,4.75
Norway,NOR,2008,5.07
Norway,NOR,2009,5.59
Norway,NOR,2010,5.69
Norway,NOR,2011,5.62
Norway,NOR,2012,5.57
Norway,NOR,2013,5.24
Norway,NOR,2014,5.05
Norway,NOR,2015,4.83
Norway,NOR,2016,4.84
Norway,NOR,2017,4.78
Norway,NOR,2018,4.7
Norway,NOR,2019,4.6
Norway,NOR,2020,4.58
Norway,NOR,2021,4.56
Norway,NOR,2022,4.67
Oceania (FAO),,2004,2.95
Oceania (FAO),,2005,2.77
Oceania (FAO),,2006,2.93
Oceania (FAO),,2007,2.93
Oceania (FAO),,2008,3.01
Oceania (FAO),,2009,3.05
Oceania (FAO),,2010,3.02
Oceania (FAO),,2011,2.78
Oceania (FAO),,2012,3.04
Oceania (FAO),,2013,2.57
Oceania (FAO),,2014,4.78
Oceania (FAO),,2015,6.32
Oceania (FAO),,2016,7.68
Oceania (FAO),,2017,9.3
Oceania (FAO),,2018,9.66
Oceania (FAO),,2019,9.56
Oceania (FAO),,2020,9.75
Oceania (FAO),,2021,9.56
Oceania (FAO),,2022,9.55
Oman,OMN,2008,0
Oman,OMN,2009,0
Oman,OMN,2010,0
Oman,OMN,2011,0
Oman,OMN,2012,0
Oman,OMN,2013,0
Oman,OMN,2014,0
Oman,OMN,2016,0
Oman,OMN,2017,0
Oman,OMN,2018,0
Oman,OMN,2019,0
Oman,OMN,2020,0
Oman,OMN,2021,0
Pakistan,PAK,2005,0.06
Pakistan,PAK,2006,0.07
Pakistan,PAK,2007,0.07
Pakistan,PAK,2008,0.07
Pakistan,PAK,2009,0.06
Pakistan,PAK,2010,0.06
Pakistan,PAK,2011,0.07
Pakistan,PAK,2012,0.06
Pakistan,PAK,2013,0.06
Pakistan,PAK,2014,0.07
Pakistan,PAK,2015,0.09
Pakistan,PAK,2016,0.12
Pakistan,PAK,2017,0.14
Pakistan,PAK,2018,0.18
Pakistan,PAK,2019,0.18
Pakistan,PAK,2020,0.19
Pakistan,PAK,2021,0.19
Pakistan,PAK,2022,0.19
Palestine,PSE,2005,0.21
Palestine,PSE,2006,0.77
Palestine,PSE,2007,0.73
Palestine,PSE,2008,0.21
Palestine,PSE,2009,0.23
Palestine,PSE,2010,1.69
Palestine,PSE,2011,1.64
Palestine,PSE,2012,1.58
Palestine,PSE,2013,1.53
Palestine,PSE,2014,1.64
Palestine,PSE,2015,1.39
Palestine,PSE,2016,1.38
Palestine,PSE,2017,1.23
Palestine,PSE,2018,1.14
Palestine,PSE,2019,1.27
Palestine,PSE,2020,1.28
Palestine,PSE,2021,1.41
Palestine,PSE,2022,1.23
Panama,PAN,2004,0.23
Panama,PAN,2005,0.23
Panama,PAN,2006,0.23
Panama,PAN,2007,0.23
Panama,PAN,2008,0.23
Panama,PAN,2009,0.25
Panama,PAN,2010,0.16
Panama,PAN,2011,0.22
Panama,PAN,2012,0.22
Panama,PAN,2013,0.68
Panama,PAN,2014,0.68
Panama,PAN,2015,0.68
Panama,PAN,2016,0.69
Panama,PAN,2017,0.69
Panama,PAN,2018,0.27
Panama,PAN,2019,0.27
Panama,PAN,2020,0.27
Panama,PAN,2021,0.27
Panama,PAN,2022,0.26
Papua New Guinea,PNG,2006,0.22
Papua New Guinea,PNG,2007,0.21
Papua New Guinea,PNG,2008,0.2
Papua New Guinea,PNG,2009,0.26
Papua New Guinea,PNG,2010,0.25
Papua New Guinea,PNG,2011,0.88
Papua New Guinea,PNG,2012,0.92
Papua New Guinea,PNG,2013,1.63
Papua New Guinea,PNG,2014,1.52
Papua New Guinea,PNG,2015,1.2
Papua New Guinea,PNG,2016,1.17
Papua New Guinea,PNG,2017,0.98
Papua New Guinea,PNG,2018,3.53
Papua New Guinea,PNG,2019,1.76
Papua New Guinea,PNG,2020,5.16
Papua New Guinea,PNG,2021,6.26
Papua New Guinea,PNG,2022,1.4
Paraguay,PRY,2007,0.33
Paraguay,PRY,2008,0.32
Paraguay,PRY,2009,0.32
Paraguay,PRY,2010,0.32
Paraguay,PRY,2011,0.32
Paraguay,PRY,2012,0.32
Paraguay,PRY,2013,0.39
Paraguay,PRY,2014,0.34
Paraguay,PRY,2015,0.4
Paraguay,PRY,2016,0.4
Paraguay,PRY,2017,0.27
Paraguay,PRY,2018,0.26
Paraguay,PRY,2019,0.35
Paraguay,PRY,2020,0.45
Paraguay,PRY,2021,0.69
Paraguay,PRY,2022,0.7
Peru,PER,2006,0.52
Peru,PER,2007,0.53
Peru,PER,2008,0.7
Peru,PER,2009,0.79
Peru,PER,2010,0.93
Peru,PER,2011,0.78
Peru,PER,2012,0.82
Peru,PER,2013,1.62
Peru,PER,2014,1.1
Peru,PER,2015,1.34
Peru,PER,2016,2.16
Peru,PER,2017,2.23
Peru,PER,2018,2.18
Peru,PER,2019,1.65
Peru,PER,2020,2.29
Peru,PER,2021,2.37
Philippines,PHL,2009,0.43
Philippines,PHL,2010,0.66
Philippines,PHL,2011,0.79
Philippines,PHL,2012,0.65
Philippines,PHL,2013,0.81
Philippines,PHL,2014,0.88
Philippines,PHL,2015,1.87
Philippines,PHL,2016,1.58
Philippines,PHL,2017,1.59
Philippines,PHL,2018,1.73
Philippines,PHL,2019,1.33
Philippines,PHL,2020,1.51
Philippines,PHL,2021,1.71
Philippines,PHL,2022,1.8
Poland,POL,2004,0.51
Poland,POL,2005,1.04
Poland,POL,2006,1.43
Poland,POL,2007,1.86
Poland,POL,2008,2.02
Poland,POL,2009,2.66
Poland,POL,2010,3.59
Poland,POL,2011,4.09
Poland,POL,2012,4.56
Poland,POL,2013,4.65
Poland,POL,2014,4.56
Poland,POL,2015,4.04
Poland,POL,2016,3.73
Poland,POL,2017,3.42
Poland,POL,2018,3.34
Poland,POL,2019,3.5
Poland,POL,2020,3.46
Poland,POL,2021,3.79
Poland,POL,2022,3.91
Polynesia,OWID_PYA,2006,5.52
Polynesia,OWID_PYA,2007,5.59
Polynesia,OWID_PYA,2008,5.65
Polynesia,OWID_PYA,2009,7.67
Polynesia,OWID_PYA,2010,8.59
Polynesia,OWID_PYA,2011,23.69
Polynesia,OWID_PYA,2012,24.2
Polynesia,OWID_PYA,2013,23.2
Polynesia,OWID_PYA,2014,21.7
Polynesia,OWID_PYA,2015,17.55
Polynesia,OWID_PYA,2016,26.06
Polynesia,OWID_PYA,2017,19.21
Polynesia,OWID_PYA,2018,19.3
Polynesia,OWID_PYA,2019,29.33
Polynesia,OWID_PYA,2020,28.12
Polynesia,OWID_PYA,2021,29.05
Polynesia,OWID_PYA,2022,31.81
Portugal,PRT,2004,4.39
Portugal,PRT,2005,5.53
Portugal,PRT,2006,5.7
Portugal,PRT,2007,6.27
Portugal,PRT,2008,5.75
Portugal,PRT,2009,4.25
Portugal,PRT,2010,5.77
Portugal,PRT,2011,5.95
Portugal,PRT,2012,5.48
Portugal,PRT,2013,5.33
Portugal,PRT,2014,5.79
Portugal,PRT,2015,6.63
Portugal,PRT,2016,6.77
Portugal,PRT,2017,6.91
Portugal,PRT,2018,5.7
Portugal,PRT,2019,5.35
Portugal,PRT,2020,8.08
Portugal,PRT,2021,7.78
Portugal,PRT,2022,7.87
Puerto Rico,PRI,2014,0.01
Puerto Rico,PRI,2016,0.01
Puerto Rico,PRI,2017,0.01
Puerto Rico,PRI,2018,0.01
Puerto Rico,PRI,2019,0.01
Puerto Rico,PRI,2020,0.01
Puerto Rico,PRI,2021,0.01
Puerto Rico,PRI,2022,0.01
Reunion,REU,2008,0.41
Reunion,REU,2009,0.39
Reunion,REU,2010,0.56
Reunion,REU,2011,1.11
Reunion,REU,2012,1.19
Reunion,REU,2013,1.19
Reunion,REU,2014,1.36
Reunion,REU,2015,1.45
Reunion,REU,2016,1.82
Reunion,REU,2017,2.19
Reunion,REU,2018,2.64
Reunion,REU,2019,3.1
Reunion,REU,2020,4.48
Reunion,REU,2021,4.93
Reunion,REU,2022,5.25
Romania,ROU,2005,0.65
Romania,ROU,2006,0.77
Romania,ROU,2007,0.97
Romania,ROU,2008,1.02
Romania,ROU,2009,1.23
Romania,ROU,2010,1.29
Romania,ROU,2011,1.64
Romania,ROU,2012,2.1
Romania,ROU,2013,2.17
Romania,ROU,2014,2.09
Romania,ROU,2015,1.77
Romania,ROU,2016,1.67
Romania,ROU,2017,1.93
Romania,ROU,2018,2.43
Romania,ROU,2019,2.86
Romania,ROU,2020,3.59
Romania,ROU,2021,4.42
Romania,ROU,2022,5.08
Russia,RUS,2007,0.02
Russia,RUS,2008,0.02
Russia,RUS,2009,0.04
Russia,RUS,2010,0.02
Russia,RUS,2011,0.06
Russia,RUS,2012,0.07
Russia,RUS,2013,0.07
Russia,RUS,2014,0.11
Russia,RUS,2015,0.18
Russia,RUS,2016,0.15
Russia,RUS,2017,0.3
Russia,RUS,2018,0.28
Russia,RUS,2019,0.31
Russia,RUS,2020,0.29
Russia,RUS,2021,0.3
Russia,RUS,2022,0.09
Rwanda,RWA,2005,0.01
Rwanda,RWA,2006,0.03
Rwanda,RWA,2007,0.03
Rwanda,RWA,2008,0.19
Rwanda,RWA,2009,0.19
Rwanda,RWA,2010,0.19
Rwanda,RWA,2011,0.19
Rwanda,RWA,2012,0.19
Rwanda,RWA,2013,0.19
Rwanda,RWA,2014,0.11
Rwanda,RWA,2017,0.06
Rwanda,RWA,2018,0.11
Rwanda,RWA,2019,0.07
Rwanda,RWA,2020,0.26
Rwanda,RWA,2021,0.23
Rwanda,RWA,2022,0.25
Saint Lucia,LCA,2021,0.25
Saint Lucia,LCA,2022,0.2
Samoa,WSM,2006,17.91
Samoa,WSM,2007,18.7
Samoa,WSM,2008,19.46
Samoa,WSM,2009,27.82
Samoa,WSM,2010,23.4
Samoa,WSM,2011,69.79
Samoa,WSM,2012,61.47
Samoa,WSM,2013,54.92
Samoa,WSM,2014,49.63
Samoa,WSM,2015,36.63
Samoa,WSM,2016,40.26
Samoa,WSM,2017,44.68
Samoa,WSM,2018,50.21
Samoa,WSM,2019,83.15
Samoa,WSM,2020,82.96
Samoa,WSM,2021,82.96
Samoa,WSM,2022,95.47
Sao Tome and Principe,STP,2006,8.59
Sao Tome and Principe,STP,2007,8.41
Sao Tome and Principe,STP,2008,8.41
Sao Tome and Principe,STP,2009,10.56
Sao Tome and Principe,STP,2010,13.36
Sao Tome and Principe,STP,2011,13.15
Sao Tome and Principe,STP,2012,11.57
Sao Tome and Principe,STP,2013,11.57
Sao Tome and Principe,STP,2014,18.14
Sao Tome and Principe,STP,2015,18.14
Sao Tome and Principe,STP,2016,16.77
Sao Tome and Principe,STP,2017,21.41
Sao Tome and Principe,STP,2018,25.95
Sao Tome and Principe,STP,2019,25.95
Sao Tome and Principe,STP,2020,21.67
Sao Tome and Principe,STP,2021,21.67
Sao Tome and Principe,STP,2022,22.1
Saudi Arabia,SAU,2005,0.01
Saudi Arabia,SAU,2006,0.01
Saudi Arabia,SAU,2007,0.01
Saudi Arabia,SAU,2008,0.02
Saudi Arabia,SAU,2009,0.03
Saudi Arabia,SAU,2010,0.02
Saudi Arabia,SAU,2011,0.01
Saudi Arabia,SAU,2012,0.01
Saudi Arabia,SAU,2013,0.02
Saudi Arabia,SAU,2014,0.02
Saudi Arabia,SAU,2015,0.02
Saudi Arabia,SAU,2016,0.01
Saudi Arabia,SAU,2017,0.01
Saudi Arabia,SAU,2018,0.01
Saudi Arabia,SAU,2019,0.01
Saudi Arabia,SAU,2020,0.02
Saudi Arabia,SAU,2021,0.02
Saudi Arabia,SAU,2022,0.01
Senegal,SEN,2007,0.02
Senegal,SEN,2008,0.28
Senegal,SEN,2009,0.27
Senegal,SEN,2010,0.3
Senegal,SEN,2011,0.15
Senegal,SEN,2012,0.08
Senegal,SEN,2013,0.08
Senegal,SEN,2014,0.08
Senegal,SEN,2015,0.08
Senegal,SEN,2016,0.08
Senegal,SEN,2017,0.08
Senegal,SEN,2018,0.09
Senegal,SEN,2019,0.07
Senegal,SEN,2020,0.04
Senegal,SEN,2021,0.03
Senegal,SEN,2022,0.04
Serbia,SRB,2006,0.02
Serbia,SRB,2007,0.02
Serbia,SRB,2008,0.12
Serbia,SRB,2009,0.25
Serbia,SRB,2010,0.25
Serbia,SRB,2011,0.18
Serbia,SRB,2012,0.32
Serbia,SRB,2013,0.24
Serbia,SRB,2014,0.27
Serbia,SRB,2015,0.44
Serbia,SRB,2016,0.42
Serbia,SRB,2017,0.39
Serbia,SRB,2018,0.56
Serbia,SRB,2019,0.61
Serbia,SRB,2020,0.6
Serbia,SRB,2021,0.68
Serbia,SRB,2022,0.72
Sierra Leone,SLE,2009,1.91
Sierra Leone,SLE,2010,1.66
Sierra Leone,SLE,2015,0.39
Sierra Leone,SLE,2016,1.76
Sierra Leone,SLE,2017,2.56
Sierra Leone,SLE,2018,2.51
Sierra Leone,SLE,2019,3.99
Sierra Leone,SLE,2020,4.81
Sierra Leone,SLE,2021,4.91
Sierra Leone,SLE,2022,4.93
Singapore,SGP,2018,0.45
Singapore,SGP,2019,2.27
Singapore,SGP,2020,2.27
Singapore,SGP,2021,2.27
Singapore,SGP,2022,2.27
Slovakia,SVK,2007,6.11
Slovakia,SVK,2008,7.27
Slovakia,SVK,2009,7.54
Slovakia,SVK,2010,9.16
Slovakia,SVK,2011,8.86
Slovakia,SVK,2012,8.65
Slovakia,SVK,2013,8.55
Slovakia,SVK,2014,9.54
Slovakia,SVK,2015,9.63
Slovakia,SVK,2016,9.92
Slovakia,SVK,2017,10.07
Slovakia,SVK,2018,10.01
Slovakia,SVK,2019,10.48
Slovakia,SVK,2020,11.84
Slovakia,SVK,2021,13.45
Slovakia,SVK,2022,13.42
Slovenia,SVN,2004,4.67
Slovenia,SVN,2005,4.52
Slovenia,SVN,2006,5.5
Slovenia,SVN,2007,5.88
Slovenia,SVN,2008,4.77
Slovenia,SVN,2009,4.7
Slovenia,SVN,2010,4.92
Slovenia,SVN,2011,5.17
Slovenia,SVN,2012,5.74
Slovenia,SVN,2013,6.34
Slovenia,SVN,2014,6.71
Slovenia,SVN,2015,6.84
Slovenia,SVN,2016,7.06
Slovenia,SVN,2017,7.51
Slovenia,SVN,2018,7.82
Slovenia,SVN,2019,8.11
Slovenia,SVN,2020,8.16
Slovenia,SVN,2021,8.48
Slovenia,SVN,2022,8.71
Small Island Developing States (FAO),,2005,0.67
Small Island Developing States (FAO),,2006,0.92
Small Island Developing States (FAO),,2007,1.17
Small Island Developing States (FAO),,2008,1.19
Small Island Developing States (FAO),,2009,1.43
Small Island Developing States (FAO),,2010,1.35
Small Island Developing States (FAO),,2011,1.52
Small Island Developing States (FAO),,2012,1.63
Small Island Developing States (FAO),,2013,1.9
Small Island Developing States (FAO),,2014,1.92
Small Island Developing States (FAO),,2015,1.71
Small Island Developing States (FAO),,2016,2.07
Small Island Developing States (FAO),,2017,2.05
Small Island Developing States (FAO),,2018,2.43
Small Island Developing States (FAO),,2019,1.75
Small Island Developing States (FAO),,2020,1.9
Small Island Developing States (FAO),,2021,2.08
Small Island Developing States (FAO),,2022,2.09
Solomon Islands,SLB,2006,3.79
Solomon Islands,SLB,2007,3.75
Solomon Islands,SLB,2008,3.64
Solomon Islands,SLB,2009,3.53
Solomon Islands,SLB,2010,1.2
Solomon Islands,SLB,2011,1.17
Solomon Islands,SLB,2012,1.15
Solomon Islands,SLB,2013,1.15
Solomon Islands,SLB,2014,4.63
Solomon Islands,SLB,2015,4.83
Solomon Islands,SLB,2016,4.87
Solomon Islands,SLB,2017,3.25
Solomon Islands,SLB,2018,3.93
Solomon Islands,SLB,2019,3.41
Solomon Islands,SLB,2020,2.81
Solomon Islands,SLB,2021,6.86
Solomon Islands,SLB,2022,6.33
Somalia,SOM,2008,0
South Africa,ZAF,2005,0.05
South Africa,ZAF,2006,0.05
South Africa,ZAF,2007,0.05
South Africa,ZAF,2008,0.05
South Africa,ZAF,2009,0.06
South Africa,ZAF,2010,0.06
South Africa,ZAF,2011,0.04
South Africa,ZAF,2012,0.04
South Africa,ZAF,2013,0.04
South Africa,ZAF,2014,0.02
South Africa,ZAF,2015,0.04
South Africa,ZAF,2016,0.01
South Africa,ZAF,2017,0.04
South Africa,ZAF,2018,0.09
South Africa,ZAF,2019,0.03
South Africa,ZAF,2020,0.04
South Africa,ZAF,2021,0.1
South Africa,ZAF,2022,0.05
South America (FAO),,2004,0.5
South America (FAO),,2005,0.81
South America (FAO),,2006,0.75
South America (FAO),,2007,0.92
South America (FAO),,2008,1.24
South America (FAO),,2009,1.32
South America (FAO),,2010,1.29
South America (FAO),,2011,1.18
South America (FAO),,2012,1.14
South America (FAO),,2013,1.1
South America (FAO),,2014,1.12
South America (FAO),,2015,1.1
South America (FAO),,2016,1.16
South America (FAO),,2017,1.32
South America (FAO),,2018,1.47
South America (FAO),,2019,1.48
South America (FAO),,2020,1.82
South America (FAO),,2021,1.8
South America (FAO),,2022,1.54
South Korea,KOR,2005,0.32
South Korea,KOR,2006,0.46
South Korea,KOR,2007,0.53
South Korea,KOR,2008,0.66
South Korea,KOR,2009,0.74
South Korea,KOR,2010,0.87
South Korea,KOR,2011,1.1
South Korea,KOR,2012,1.43
South Korea,KOR,2013,1.2
South Korea,KOR,2014,1.05
South Korea,KOR,2015,1.04
South Korea,KOR,2016,1.19
South Korea,KOR,2017,1.23
South Korea,KOR,2018,1.5
South Korea,KOR,2019,1.81
South Korea,KOR,2020,2.38
South Korea,KOR,2021,2.54
South Korea,KOR,2022,2.5
South-eastern Asia (FAO),,2005,0.06
South-eastern Asia (FAO),,2006,0.09
South-eastern Asia (FAO),,2007,0.1
South-eastern Asia (FAO),,2008,0.09
South-eastern Asia (FAO),,2009,0.15
South-eastern Asia (FAO),,2010,0.2
South-eastern Asia (FAO),,2011,0.22
South-eastern Asia (FAO),,2012,0.22
South-eastern Asia (FAO),,2013,0.22
South-eastern Asia (FAO),,2014,0.28
South-eastern Asia (FAO),,2015,0.41
South-eastern Asia (FAO),,2016,0.37
South-eastern Asia (FAO),,2017,0.47
South-eastern Asia (FAO),,2018,0.55
South-eastern Asia (FAO),,2019,0.56
South-eastern Asia (FAO),,2020,0.43
South-eastern Asia (FAO),,2021,0.46
South-eastern Asia (FAO),,2022,0.5
Southern Africa (FAO),,2005,0.03
Southern Africa (FAO),,2006,0.03
Southern Africa (FAO),,2007,0.03
Southern Africa (FAO),,2008,0.03
Southern Africa (FAO),,2009,0.04
Southern Africa (FAO),,2010,0.03
Southern Africa (FAO),,2011,0.03
Southern Africa (FAO),,2012,0.04
Southern Africa (FAO),,2013,0.04
Southern Africa (FAO),,2014,0.03
Southern Africa (FAO),,2015,0.04
Southern Africa (FAO),,2016,0.03
Southern Africa (FAO),,2017,0.03
Southern Africa (FAO),,2018,0.05
Southern Africa (FAO),,2019,0.02
Southern Africa (FAO),,2020,0.03
Southern Africa (FAO),,2021,0.06
Southern Africa (FAO),,2022,0.03
Southern Asia (FAO),,2005,0.07
Southern Asia (FAO),,2006,0.15
Southern Asia (FAO),,2007,0.34
Southern Asia (FAO),,2008,0.34
Southern Asia (FAO),,2009,0.39
Southern Asia (FAO),,2010,0.27
Southern Asia (FAO),,2011,0.38
Southern Asia (FAO),,2012,0.19
Southern Asia (FAO),,2013,0.18
Southern Asia (FAO),,2014,0.27
Southern Asia (FAO),,2015,0.43
Southern Asia (FAO),,2016,0.53
Southern Asia (FAO),,2017,0.64
Southern Asia (FAO),,2018,0.67
Southern Asia (FAO),,2019,0.78
Southern Asia (FAO),,2020,0.89
Southern Asia (FAO),,2021,0.89
Southern Asia (FAO),,2022,1.55
Southern Europe (FAO),,2004,2.89
Southern Europe (FAO),,2005,3.28
Southern Europe (FAO),,2006,3.76
Southern Europe (FAO),,2007,3.84
Southern Europe (FAO),,2008,4.21
Southern Europe (FAO),,2009,4.69
Southern Europe (FAO),,2010,4.95
Southern Europe (FAO),,2011,5.18
Southern Europe (FAO),,2012,5.91
Southern Europe (FAO),,2013,5.84
Southern Europe (FAO),,2014,6.22
Southern Europe (FAO),,2015,7.1
Southern Europe (FAO),,2016,7.68
Southern Europe (FAO),,2017,8.12
Southern Europe (FAO),,2018,8.66
Southern Europe (FAO),,2019,8.85
Southern Europe (FAO),,2020,9.49
Southern Europe (FAO),,2021,10.27
Southern Europe (FAO),,2022,11.13
Spain,ESP,2004,1.93
Spain,ESP,2005,2.14
Spain,ESP,2006,2.58
Spain,ESP,2007,2.87
Spain,ESP,2008,4.01
Spain,ESP,2009,4.76
Spain,ESP,2010,5.21
Spain,ESP,2011,6.02
Spain,ESP,2012,6.52
Spain,ESP,2013,6.02
Spain,ESP,2014,6.26
Spain,ESP,2015,7.41
Spain,ESP,2016,7.69
Spain,ESP,2017,7.92
Spain,ESP,2018,8.58
Spain,ESP,2019,8.99
Spain,ESP,2020,9.33
Spain,ESP,2021,10.67
Spain,ESP,2022,10.66
Sri Lanka,LKA,2005,0.4
Sri Lanka,LKA,2006,0.7
Sri Lanka,LKA,2007,0.71
Sri Lanka,LKA,2008,0.86
Sri Lanka,LKA,2009,0.81
Sri Lanka,LKA,2010,0.85
Sri Lanka,LKA,2011,0.71
Sri Lanka,LKA,2012,0.71
Sri Lanka,LKA,2013,0.71
Sri Lanka,LKA,2014,2.28
Sri Lanka,LKA,2015,3.51
Sri Lanka,LKA,2016,3.5
Sri Lanka,LKA,2017,6
Sri Lanka,LKA,2018,2.74
Sri Lanka,LKA,2019,2.51
Sri Lanka,LKA,2020,2.61
Sri Lanka,LKA,2021,2.37
Sri Lanka,LKA,2022,2.42
Sudan,SDN,2014,0.12
Sudan,SDN,2015,0.12
Sudan,SDN,2016,0.12
Sudan,SDN,2017,0.12
Sudan,SDN,2018,0.07
Sudan,SDN,2019,0.07
Sudan,SDN,2020,0.07
Sudan,SDN,2021,0.06
Sudan,SDN,2022,0.06
Sudan (former),,2004,0.35
Sudan (former),,2005,0.34
Sudan (former),,2006,0.34
Sudan (former),,2007,0.34
Sudan (former),,2008,0.34
Sudan (former),,2009,0.34
Suriname,SUR,2014,0.05
Suriname,SUR,2015,0.05
Suriname,SUR,2016,0.06
Suriname,SUR,2017,0.07
Suriname,SUR,2018,0.11
Suriname,SUR,2019,0.13
Suriname,SUR,2020,0.07
Suriname,SUR,2021,0.07
Suriname,SUR,2022,0.07
Sweden,SWE,2004,7.04
Sweden,SWE,2005,6.96
Sweden,SWE,2006,7.16
Sweden,SWE,2007,9.88
Sweden,SWE,2008,10.94
Sweden,SWE,2009,12.55
Sweden,SWE,2010,14.28
Sweden,SWE,2011,15.69
Sweden,SWE,2012,15.77
Sweden,SWE,2013,16.52
Sweden,SWE,2014,16.54
Sweden,SWE,2015,17.14
Sweden,SWE,2016,18.31
Sweden,SWE,2017,19.16
Sweden,SWE,2018,20.3
Sweden,SWE,2019,20.43
Sweden,SWE,2020,20.33
Sweden,SWE,2021,20.21
Sweden,SWE,2022,19.93
Switzerland,CHE,2004,7.35
Switzerland,CHE,2005,7.53
Switzerland,CHE,2006,7.58
Switzerland,CHE,2007,7.52
Switzerland,CHE,2008,7.37
Switzerland,CHE,2009,7.26
Switzerland,CHE,2010,7.23
Switzerland,CHE,2011,7.55
Switzerland,CHE,2012,7.93
Switzerland,CHE,2013,8.36
Switzerland,CHE,2014,8.76
Switzerland,CHE,2015,8.89
Switzerland,CHE,2016,9.24
Switzerland,CHE,2017,9.9
Switzerland,CHE,2018,10.62
Switzerland,CHE,2019,11.23
Switzerland,CHE,2020,11.74
Switzerland,CHE,2021,12.03
Switzerland,CHE,2022,12.38
Syria,SYR,2008,0.18
Syria,SYR,2009,0.25
Syria,SYR,2010,0.14
Syria,SYR,2011,0.14
Syria,SYR,2012,0.14
Syria,SYR,2013,0.14
Syria,SYR,2014,0.14
Syria,SYR,2015,0.14
Syria,SYR,2016,0.14
Syria,SYR,2017,0.14
Syria,SYR,2018,0.14
Syria,SYR,2019,0.14
Taiwan,TWN,2005,0.16
Taiwan,TWN,2006,0.2
Taiwan,TWN,2007,0.24
Taiwan,TWN,2008,0.29
Taiwan,TWN,2009,0.37
Taiwan,TWN,2010,0.37
Taiwan,TWN,2011,0.62
Taiwan,TWN,2012,0.62
Taiwan,TWN,2013,0.74
Taiwan,TWN,2014,0.74
Taiwan,TWN,2015,0.82
Taiwan,TWN,2016,0.82
Taiwan,TWN,2017,0.82
Taiwan,TWN,2018,1.11
Taiwan,TWN,2019,1.21
Taiwan,TWN,2020,1.37
Taiwan,TWN,2021,1.49
Taiwan,TWN,2022,1.51
Tajikistan,TJK,2008,0
Tajikistan,TJK,2009,0
Tajikistan,TJK,2010,0.01
Tajikistan,TJK,2011,0.01
Tajikistan,TJK,2012,0.35
Tajikistan,TJK,2013,0.34
Tajikistan,TJK,2014,0.34
Tajikistan,TJK,2015,0.34
Tajikistan,TJK,2016,0.33
Tajikistan,TJK,2017,0.33
Tajikistan,TJK,2018,0.23
Tajikistan,TJK,2019,0.27
Tajikistan,TJK,2020,0.31
Tajikistan,TJK,2021,0.58
Tajikistan,TJK,2022,1.66
Tanzania,TZA,2005,0.13
Tanzania,TZA,2006,0.07
Tanzania,TZA,2007,0.17
Tanzania,TZA,2008,0.2
Tanzania,TZA,2009,0.19
Tanzania,TZA,2010,0.19
Tanzania,TZA,2011,0.31
Tanzania,TZA,2012,0.5
Tanzania,TZA,2013,0.49
Tanzania,TZA,2014,0.49
Tanzania,TZA,2015,0.7
Tanzania,TZA,2016,0.69
Tanzania,TZA,2017,0.72
Tanzania,TZA,2018,0.71
Tanzania,TZA,2019,0.71
Tanzania,TZA,2020,0.5
Tanzania,TZA,2021,0.73
Tanzania,TZA,2022,0.79
Thailand,THA,2005,0.1
Thailand,THA,2006,0.1
Thailand,THA,2007,0.11
Thailand,THA,2008,0.1
Thailand,THA,2009,0.14
Thailand,THA,2010,0.15
Thailand,THA,2011,0.15
Thailand,THA,2012,0.14
Thailand,THA,2013,0.15
Thailand,THA,2014,0.17
Thailand,THA,2015,0.2
Thailand,THA,2016,0.25
Thailand,THA,2017,0.4
Thailand,THA,2018,0.42
Thailand,THA,2019,0.82
Thailand,THA,2020,0.69
Thailand,THA,2021,0.71
Thailand,THA,2022,1.03
Togo,TGO,2005,0
Togo,TGO,2006,0.06
Togo,TGO,2007,0.07
Togo,TGO,2008,0.08
Togo,TGO,2009,0.05
Togo,TGO,2010,0.09
Togo,TGO,2011,0.04
Togo,TGO,2012,0.1
Togo,TGO,2013,0.12
Togo,TGO,2014,0.4
Togo,TGO,2015,0.4
Togo,TGO,2016,0.57
Togo,TGO,2017,1.03
Togo,TGO,2018,1.08
Togo,TGO,2019,1.01
Togo,TGO,2020,3.35
Togo,TGO,2021,3.43
Togo,TGO,2022,4.15
Tonga,TON,2011,0.78
Tonga,TON,2012,1.21
Tonga,TON,2013,1.21
Tonga,TON,2014,5.88
Tonga,TON,2015,7.43
Tonga,TON,2016,4.29
Tonga,TON,2017,4.57
Tonga,TON,2018,1.94
Tonga,TON,2019,3.2
Tonga,TON,2020,3.2
Tonga,TON,2021,3.2
Tonga,TON,2022,0.92
Tunisia,TUN,2004,1.61
Tunisia,TUN,2005,1.46
Tunisia,TUN,2006,1.58
Tunisia,TUN,2007,1.58
Tunisia,TUN,2008,1.77
Tunisia,TUN,2009,1.71
Tunisia,TUN,2010,1.74
Tunisia,TUN,2011,1.77
Tunisia,TUN,2012,1.41
Tunisia,TUN,2013,1.36
Tunisia,TUN,2014,1.42
Tunisia,TUN,2015,1.47
Tunisia,TUN,2016,1.87
Tunisia,TUN,2017,3.15
Tunisia,TUN,2018,3.19
Tunisia,TUN,2019,2.95
Tunisia,TUN,2020,3.06
Tunisia,TUN,2021,2.88
Tunisia,TUN,2022,2.48
Turkey,TUR,2004,0.51
Turkey,TUR,2005,0.49
Turkey,TUR,2006,0.48
Turkey,TUR,2007,0.44
Turkey,TUR,2008,0.43
Turkey,TUR,2009,1.29
Turkey,TUR,2010,1.31
Turkey,TUR,2011,1.61
Turkey,TUR,2012,1.83
Turkey,TUR,2013,2
Turkey,TUR,2014,2.18
Turkey,TUR,2015,1.34
Turkey,TUR,2016,1.37
Turkey,TUR,2017,1.43
Turkey,TUR,2018,1.66
Turkey,TUR,2019,1.45
Turkey,TUR,2020,1.01
Turkey,TUR,2021,0.92
Turkey,TUR,2022,0.81
Uganda,UGA,2005,1.37
Uganda,UGA,2006,1.83
Uganda,UGA,2007,2.17
Uganda,UGA,2008,1.53
Uganda,UGA,2009,1.61
Uganda,UGA,2010,1.6
Uganda,UGA,2011,1.59
Uganda,UGA,2012,1.6
Uganda,UGA,2013,1.6
Uganda,UGA,2014,1.67
Uganda,UGA,2015,1.67
Uganda,UGA,2016,1.82
Uganda,UGA,2017,1.82
Uganda,UGA,2018,1.82
Uganda,UGA,2019,2
Uganda,UGA,2020,2.4
Uganda,UGA,2021,3.51
Uganda,UGA,2022,3.51
Ukraine,UKR,2005,0.59
Ukraine,UKR,2006,0.59
Ukraine,UKR,2007,0.61
Ukraine,UKR,2008,0.65
Ukraine,UKR,2009,0.65
Ukraine,UKR,2010,0.65
Ukraine,UKR,2011,0.65
Ukraine,UKR,2012,0.66
Ukraine,UKR,2013,0.95
Ukraine,UKR,2014,0.97
Ukraine,UKR,2015,0.99
Ukraine,UKR,2016,0.92
Ukraine,UKR,2017,0.7
Ukraine,UKR,2018,0.75
Ukraine,UKR,2019,1.13
Ukraine,UKR,2020,1.12
Ukraine,UKR,2021,1.02
Ukraine,UKR,2022,0.64
United Arab Emirates,ARE,2008,0.06
United Arab Emirates,ARE,2009,0.1
United Arab Emirates,ARE,2010,0.09
United Arab Emirates,ARE,2011,0.25
United Arab Emirates,ARE,2012,1.04
United Arab Emirates,ARE,2013,1.09
United Arab Emirates,ARE,2014,1.12
United Arab Emirates,ARE,2015,1.12
United Arab Emirates,ARE,2016,1.2
United Arab Emirates,ARE,2017,1.22
United Arab Emirates,ARE,2018,1.23
United Arab Emirates,ARE,2019,1.19
United Arab Emirates,ARE,2020,1.39
United Arab Emirates,ARE,2021,1.38
United Arab Emirates,ARE,2022,1.38
United Kingdom,GBR,2004,3.87
United Kingdom,GBR,2005,3.57
United Kingdom,GBR,2006,3.38
United Kingdom,GBR,2007,3.74
United Kingdom,GBR,2008,4.07
United Kingdom,GBR,2009,4.16
United Kingdom,GBR,2010,4.05
United Kingdom,GBR,2011,3.71
United Kingdom,GBR,2012,3.42
United Kingdom,GBR,2013,3.23
United Kingdom,GBR,2014,3.12
United Kingdom,GBR,2015,2.97
United Kingdom,GBR,2016,2.85
United Kingdom,GBR,2017,2.88
United Kingdom,GBR,2018,2.67
United Kingdom,GBR,2019,2.66
United Kingdom,GBR,2020,2.72
United Kingdom,GBR,2021,2.82
United Kingdom,GBR,2022,2.9
United States,USA,2005,0.4
United States,USA,2006,0.29
United States,USA,2007,0.42
United States,USA,2008,0.42
United States,USA,2009,0.47
United States,USA,2010,0.47
United States,USA,2011,0.47
United States,USA,2012,0.47
United States,USA,2013,0.52
United States,USA,2014,0.52
United States,USA,2015,0.49
United States,USA,2016,0.49
United States,USA,2017,0.49
United States,USA,2018,0.49
United States,USA,2019,0.56
United States,USA,2020,0.56
United States,USA,2021,0.56
United States,USA,2022,0.5
United States Virgin Islands,VIR,2014,0.75
United States Virgin Islands,VIR,2015,0.75
United States Virgin Islands,VIR,2016,0.75
United States Virgin Islands,VIR,2017,0.75
United States Virgin Islands,VIR,2018,0.91
United States Virgin Islands,VIR,2019,0.91
Uruguay,URY,2005,5.12
Uruguay,URY,2006,6.34
Uruguay,URY,2007,6.4
Uruguay,URY,2008,6.34
Uruguay,URY,2009,6.28
Uruguay,URY,2010,6.45
Uruguay,URY,2011,6.41
Uruguay,URY,2012,6.54
Uruguay,URY,2013,6.49
Uruguay,URY,2014,9.03
Uruguay,URY,2015,9.04
Uruguay,URY,2016,11.62
Uruguay,URY,2017,13.23
Uruguay,URY,2018,15.13
Uruguay,URY,2019,15.17
Uruguay,URY,2020,19.5
Uruguay,URY,2021,19.49
Uruguay,URY,2022,19.36
Uzbekistan,UZB,2007,0.01
Uzbekistan,UZB,2008,0.01
Uzbekistan,UZB,2009,0
Uzbekistan,UZB,2010,0
Uzbekistan,UZB,2011,0
Uzbekistan,UZB,2012,0
Uzbekistan,UZB,2013,0
Uzbekistan,UZB,2018,0
Uzbekistan,UZB,2019,0
Uzbekistan,UZB,2020,0.01
Uzbekistan,UZB,2021,0.02
Uzbekistan,UZB,2022,0.01
Vanuatu,VUT,2006,4.86
Vanuatu,VUT,2007,4.81
Vanuatu,VUT,2008,4.81
Vanuatu,VUT,2009,4.81
Vanuatu,VUT,2010,1.44
Vanuatu,VUT,2011,1.18
Vanuatu,VUT,2012,2.19
Vanuatu,VUT,2013,2.19
Vanuatu,VUT,2014,3.53
Vanuatu,VUT,2015,5.08
Vanuatu,VUT,2016,6.31
Vanuatu,VUT,2017,7.97
Vanuatu,VUT,2018,13.72
Vanuatu,VUT,2019,4.47
Vanuatu,VUT,2020,1.1
Vanuatu,VUT,2021,3.36
Vanuatu,VUT,2022,1.24
Venezuela,VEN,2007,0.01
Venezuela,VEN,2008,0.01
Venezuela,VEN,2009,0
Venezuela,VEN,2010,0
Venezuela,VEN,2011,0
Venezuela,VEN,2012,0
Venezuela,VEN,2013,0
Venezuela,VEN,2020,0.01
Venezuela,VEN,2021,0.01
Venezuela,VEN,2022,0.01
Vietnam,VNM,2005,0.06
Vietnam,VNM,2006,0.22
Vietnam,VNM,2007,0.12
Vietnam,VNM,2008,0.12
Vietnam,VNM,2009,0.14
Vietnam,VNM,2010,0.18
Vietnam,VNM,2011,0.22
Vietnam,VNM,2012,0.34
Vietnam,VNM,2013,0.35
Vietnam,VNM,2014,0.4
Vietnam,VNM,2015,0.63
Vietnam,VNM,2016,0.44
Vietnam,VNM,2017,0.48
Vietnam,VNM,2018,0.42
Vietnam,VNM,2019,0.5
Vietnam,VNM,2020,0.51
Vietnam,VNM,2021,0.6
Vietnam,VNM,2022,0.25
Western Africa (FAO),,2005,0.01
Western Africa (FAO),,2006,0.02
Western Africa (FAO),,2007,0.02
Western Africa (FAO),,2008,0.03
Western Africa (FAO),,2009,0.07
Western Africa (FAO),,2010,0.06
Western Africa (FAO),,2011,0.04
Western Africa (FAO),,2012,0.04
Western Africa (FAO),,2013,0.03
Western Africa (FAO),,2014,0.03
Western Africa (FAO),,2015,0.05
Western Africa (FAO),,2016,0.09
Western Africa (FAO),,2017,0.12
Western Africa (FAO),,2018,0.13
Western Africa (FAO),,2019,0.16
Western Africa (FAO),,2020,0.22
Western Africa (FAO),,2021,0.22
Western Africa (FAO),,2022,0.25
Western Asia (FAO),,2004,0.08
Western Asia (FAO),,2005,0.09
Western Asia (FAO),,2006,0.09
Western Asia (FAO),,2007,0.08
Western Asia (FAO),,2008,0.09
Western Asia (FAO),,2009,0.23
Western Asia (FAO),,2010,0.23
Western Asia (FAO),,2011,0.26
Western Asia (FAO),,2012,0.29
Western Asia (FAO),,2013,0.32
Western Asia (FAO),,2014,0.35
Western Asia (FAO),,2015,0.23
Western Asia (FAO),,2016,0.23
Western Asia (FAO),,2017,0.24
Western Asia (FAO),,2018,0.27
Western Asia (FAO),,2019,0.24
Western Asia (FAO),,2020,0.17
Western Asia (FAO),,2021,0.16
Western Asia (FAO),,2022,0.15
Western Europe (FAO),,2004,3.58
Western Europe (FAO),,2005,3.74
Western Europe (FAO),,2006,3.8
Western Europe (FAO),,2007,3.9
Western Europe (FAO),,2008,4.07
Western Europe (FAO),,2009,4.38
Western Europe (FAO),,2010,4.86
Western Europe (FAO),,2011,5.18
Western Europe (FAO),,2012,5.34
Western Europe (FAO),,2013,5.42
Western Europe (FAO),,2014,5.55
Western Europe (FAO),,2015,6.08
Western Europe (FAO),,2016,6.66
Western Europe (FAO),,2017,7.2
Western Europe (FAO),,2018,7.99
Western Europe (FAO),,2019,8.62
Western Europe (FAO),,2020,9.79
Western Europe (FAO),,2021,10.33
Western Europe (FAO),,2022,10.64
World,OWID_WRL,2004,0.46
World,OWID_WRL,2005,0.61
World,OWID_WRL,2006,0.62
World,OWID_WRL,2007,0.66
World,OWID_WRL,2008,0.72
World,OWID_WRL,2009,0.77
World,OWID_WRL,2010,0.75
World,OWID_WRL,2011,0.76
World,OWID_WRL,2012,0.78
World,OWID_WRL,2013,0.75
World,OWID_WRL,2014,0.94
World,OWID_WRL,2015,1.07
World,OWID_WRL,2016,1.21
World,OWID_WRL,2017,1.45
World,OWID_WRL,2018,1.49
World,OWID_WRL,2019,1.51
World,OWID_WRL,2020,1.57
World,OWID_WRL,2021,1.6
World,OWID_WRL,2022,1.63
Zambia,ZMB,2005,0.01
Zambia,ZMB,2006,0.01
Zambia,ZMB,2007,0.01
Zambia,ZMB,2008,0.02
Zambia,ZMB,2009,0.03
Zambia,ZMB,2010,0.03
Zambia,ZMB,2011,0.03
Zambia,ZMB,2012,0.03
Zambia,ZMB,2013,0.03
Zambia,ZMB,2014,0.03
Zambia,ZMB,2015,0.03
Zambia,ZMB,2016,0.03
Zambia,ZMB,2017,0.03
Zambia,ZMB,2018,0.01
Zambia,ZMB,2019,0
Zambia,ZMB,2020,0
Zambia,ZMB,2021,0.01
Zambia,ZMB,2022,0.04
Zimbabwe,ZWE,2008,0
Zimbabwe,ZWE,2009,0
Zimbabwe,ZWE,2010,0.01
Zimbabwe,ZWE,2011,0
Zimbabwe,ZWE,2012,0
Zimbabwe,ZWE,2013,0
Zimbabwe,ZWE,2014,0
Zimbabwe,ZWE,2015,0.01
Zimbabwe,ZWE,2016,0.02
Zimbabwe,ZWE,2017,0.02
Zimbabwe,ZWE,2018,0
Zimbabwe,ZWE,2019,0.01
Zimbabwe,ZWE,2020,0.01
Zimbabwe,ZWE,2021,0.01
Zimbabwe,ZWE,2022,0.01